INSERT INTO T_ANIME_TBL
           (ANIME_NO
           ,ANIME_CHN_NAME
           ,ANIME_JPN_NAME
           ,ANIME_NN
           ,STATUS
           ,ORIGINAL
           ,MUSIC_STATUS
           ,ENABLE_FLG
           ,LAST_UPDATE_DATETIME)
     VALUES
('A001','草莓棉花糖','苺ましまろ','IM','2','1',null,1,now()),
('A002','南家三姐妹','みなみけ','MK','2','1',null,1,now()),
('A003','水果篮子','フルーツバスケット','FB','2','1',null,1,now()),
('A004','幸运星','らき☆すた','LS','2','1',null,1,now()),
('A005','热带雨林的爆笑生活','ジャングルはいつもハレのちグゥ','JwY','9','1',null,1,now()),
('A006','银魂','銀魂','GT','9','1',null,1,now()),
('A007','龙与虎','とらドラ','TD','2','1',null,1,now()),
('A008','黑塔利亚','ヘタリア','APH','9','1',null,1,now()),
('A009','夏目友人帐','夏目友人帳','NY','2','1',null,1,now()),
('A010','轻音少女','けいおん！','KON','2','1',null,1,now()),
('A011','甜甜私房猫','チーズスイートホーム','CSH','2','1',null,1,now()),
('A012','凉宫春日的忧郁','涼宮ハルヒの憂鬱','SHnY','2','1',null,1,now()),
('A013','初恋限定','初恋リミテッド','HL','9','1',null,1,now()),
('A014','旋风管家','ハヤテのごとく！','HG','2','1',null,1,now()),
('A015','咲-saki-','咲-saki-','SK','2','1',null,1,now()),
('A016','零之使魔','ゼロの使い魔','ZT','2','1',null,1,now()),
('A017','胡子小鸡','ヒゲぴよ','HP','2','1',null,1,now()),
('A018','海物语','うみものがたり','UM','2','1',null,1,now()),
('A019','化物语','化物語','BM','9','1',null,1,now()),
('A020','简单易懂的现代魔法','よくわかる現代魔法','YG','2','1',null,1,now()),
('A021','濑户之花嫁','瀬戸の花嫁','SnH','2','1',null,1,now()),
('A022','灼眼的夏娜','灼眼のシャナ','SnS','2','1',null,1,now()),
('A023','卡娜笔记','かなめも','KM','2','1',null,1,now()),
('A024','浪漫追星社','宙のまにまに','SnM','2','1',null,1,now()),
('A025','GA艺术科美术设计班','GA芸術科アートデザインクラス','GA','2','1',null,1,now()),
('A026','魔法禁书目录','とある魔術の禁書目録','TMnI','2','1',null,1,now()),
('A027','CLANNAD','CLANNAD','CL','2','1',null,1,now()),
('A028','学生会的一己之见','生徒会の一存','SnI','2','1',null,1,now()),
('A029','猫愿三角恋','にゃんこい！','NK','2','1',null,1,now()),
('A030','天降之物','さらのおとしもの','SnT','2','1',null,1,now()),
('A031','好想告诉你','君に届け','KT','9','1',null,1,now()),
('A032','笨蛋，测验，召唤兽','バカとテストと召喚獣','BTS','2','1',null,1,now()),
('A033','蔷薇少女','ローゼンメイデン','RM','2','1',null,1,now()),
('A034','守护猫娘绯鞠','おまもりひまり','OH','2','1',null,1,now()),
('A035','空之音','ソ?ラ?ノ?ヲ?ト','SnW','2','1',null,1,now()),
('A036','AngelBeats!','AngelBeats!','AB','2','1',null,1,now()),
('A037','荒川爆笑团','荒川　アンダー　ザ　ブリッジ','AUB','2','1',null,1,now()),
('A038','迷糊餐厅','WORKING!!','WOR','2','1',null,1,now()),
('A039','迷途猫OVERRUN!','迷い猫オーバーラン！','MNO','2','1',null,1,now()),
('A040','神薙','かんなぎ','KN','2','1',null,1,now()),
('A041','由土里酱','ゆとりちゃん','YC','2','1',null,1,now()),
('A042','乃木坂春香的秘密','乃木坂春香の秘密','NHnI','9','1',null,1,now()),
('A043','大神与七位伙伴','オオカミと七人の仲間たち','OStN','2','1',null,1,now()),
('A044','妄想学生会','生徒会役員共','SYD','1','1',null,1,now()),
('A045','BLACK★ROCKSHOOTER','BLACK★ROCKSHOOTER','BRS','9','1',null,1,now()),
('A046','文学少女','文学少女','BS','9','1',null,1,now()),
('A047','滑头鬼之孙','ぬらりひょんの孫','NnM','9','1',null,1,now()),
('A048','我的妹妹哪有这么可爱','俺の妹がこんなに可愛いいわけがない','OnI','9','1',null,1,now()),
('A049','MM一族!','えむえむっ！','MM','9','1',null,1,now()),
('A050','侵略!乌贼娘','侵略！イカ娘','SIM','9','1',null,1,now()),
('A051','FORTUNEARTERIAL-红色约定-','フォーチュンアテリアル-赤い約束-','FA','9','1',null,1,now()),
('A052','只有神知道的世界','神のみぞ知る世界','KSS','9','1',null,1,now()),
('A053','DragonCrisis!','ドラゴンクライシス！','DC','9','1',null,1,now()),
('A054','花开物语','花咲く色は','HI','9','1',null,1,now()),
('A055','日常','日常','NC','9','1',null,1,now()),
('A056','绯弹的亚里亚','緋弾のアリア','HnA','2','1',null,1,now()),
('A057','魔法少女小圆','魔法少女まどか☆マギカ','MMM','9','1',null,1,now()),
('A058','电波女与青春男','電波女と青春男','DtS','9','1',null,1,now()),
('A059','架向星空之桥','星空へ架かる橋','HKH','9','1',null,1,now()),
('A060','向阳素描','ひだまるスケッチ','HS','9','1',null,1,now()),
('A061','神的记事本','神のメモ帳','KnM','9','1',null,1,now()),
('A062','摇曳百合','ゆるゆり','YY','9','1',null,1,now()),
('A063','迷茫管家与懦弱的我','まよチキ！','MC','9','1',null,1,now()),
('A064','我的朋友很少','僕の友達が少ない','HN','9','1',null,1,now()),
('A065','C3-魔方少女-','C3-シーキューブ-','CK','9','1',null,1,now()),
('A066','爱杀宝贝','キルミーベイベー','KMB','9','1',null,1,now()),
('A067','竖笛与双背带书包','リコーダーとランドセル','RtR','9','1',null,1,now()),
('A068','男子高校生的日常','男子高校生の日常','DnN','9','1',null,1,now()),
('A069','要听爸爸的话','パパの言うことを聞きなさい','PK','9','1',null,1,now()),
('A070','潜行吧！奈亚子','這いよれ！ニャル子さん','HaN','2','1',null,1,now()),
('A071','一起一起这里那里','あっちこっち','AK','2','1',null,1,now()),
('A072','女子落语','じょしらく','JR','2','1',null,1,now()),
('A073','恋爱随意链接','ココロコネクト','KK','2','1',null,1,now()),
('A074','公立海老栖川高校天闷部','えびてん　公立海老栖川高校天文部','EBT','2','1',null,1,now()),
('A075','散华礼弥','さんかれあ','SL','2','1',null,1,now()),
('A076','中二病也要谈恋爱','中二病でも恋がしたい！','CDK','2','1',null,1,now()),
('A077','GJ部','GJ部','GJ','2','1',null,1,now()),
('A078','我的妹妹是“大阪大妈”','僕の妹は「大阪おかん」','BIOO','2','1',null,1,now()),
('A079','战勇。','戦勇。','SY','9','1',null,1,now()),
('A080','玉子超市','たまこマーケット','TM','2','1',null,1,now()),
('A081','悠悠式','ゆゆ式','YYS','3','1',null,1,now()),
('A082','变态王子与不笑猫。','変態王子と笑わない猫','HtW','2','1',null,1,now()),
('A083','约会大作战','デット?ア?ライブ','DAL','2','1',null,1,now()),
('A084','机巧少女不会受伤','機巧少女は傷つかない','MKN','2','1',null,1,now()),
('A085','樱trick','桜Trick','ST','2','1',null,1,now()),
('A086','伪恋','ニセコイ','NiK','2','1',null,1,now()),
('A087','请问您今天要来点兔子吗？','ご注文はうさぎですか？','GU','2','1',null,1,now()),
('A088','NoGame,NoLife','ノーゲーム?ノーライフ','NGNL','2','1',null,1,now()),
('A089','LoveLive!','LoveLive!','LL','3','1',null,1,now()),
('A090','黄金拼图','きんいろモザイク','KiM','3','1',null,1,now()),
('A091','花舞少女','ハナヤマタ','HY','2','1',null,1,now()),
('A092','月刊少女野崎君','月刊少女野崎くん','GSN','2','1',null,1,now()),
('A093','人生','人生','JS','2','1',null,1,now()),
('A094','搞姬日常','ひめゴト','HiG','2','1',null,1,now()),
('A095','AChannel','Aチャンネル','AC','2','1',null,1,now()),
('A096','日常系的异能战斗','異能バトルは日常系の中で','INN','2','1',null,1,now()),
('A097','甘城光辉游乐园','甘城ブリリアントパーク','ABP','2','1',null,1,now()),
('A098','大图书馆的牧羊人','大図書館の羊飼い','DnH','2','1',null,1,now()),
('A099','电器街的漫画店','デンキ街の本屋さん','DenH','2','1',null,1,now()),
('A100','果然我的青春恋爱物语有问题','やはり俺の青春ラブコメはまちがっている','YOGI','2','1',null,1,now()),
('A101','犬神同学和猫山同学','犬神さんと猫山さん','ItN','2','1',null,1,now()),
('A102','舰队collection-舰colle-','艦隊これくしょん　－艦これ－','KC','3','1',null,1,now()),
('A103','幸腹涂鸦','幸腹グラフィティ','KG','2','1',null,1,now()),
('A104','御神乐学园组曲','ミカグラ学園組曲','MGK','2','1',null,1,now()),
('A105','吹响吧！上低音号','響け!ユーフォニアム','HE','3','1',null,1,now()),
('A106','SHOWBYROCK!!','SHOWBYROCK!!','SBR','3','1',null,1,now()),
('A107','若叶女孩','わかば*ガール','WG','2','1',null,1,now()),
('A108','那就是声优','それが声優','SS','2','1',null,1,now()),
('A109','干物妹！小埋','干物妹！うまるちゃん','HU','2','1',null,1,now()),
('A110','洲崎西','洲崎西','SN','2','1',null,1,now()),
('A111','Charlotte','Charlotte','CH','2','1',null,1,now()),
('A112','我被绑架到贵族女校当“庶民样本”','俺がお嬢様学校に「庶民サンプル」として拉致られた件','OSS','2','1',null,1,now()),
('A113','粗点心战争','だかしかし','DK','9','1',null,1,now()),
('A114','为美好的世界献上祝福','この素晴らしい世界に祝福を!','KSnS','3','1',null,1,now()),
('A115','Unhappy?','あんハピ?','AH','1','1',null,1,now()),
('A116','三者三叶','三者三葉','SaS','1','1',null,1,now());

INSERT INTO T_CHARACTER_TBL
           (CHARACTER_NO
           ,CHARACTER_NAME
           ,ANIME_NO
           ,CV_ID
           ,LEADING_FLG
           ,ENABLE_FLG
           ,LAST_UPDATE_DATETIME)
		   VALUES
('A001_0_001','伊藤伸惠','A001','5',0,1,'2016-04-05 22:41:54.857'),
('A001_1_001','伊藤千佳','A001','1',1,1,'2016-04-05 22:41:54.85'),
('A001_1_002','松冈美羽','A001','2',1,1,'2016-04-05 22:41:54.853'),
('A001_1_003','樱木茉莉','A001','3',1,1,'2016-04-05 22:41:54.853'),
('A001_1_004','安娜·柯坡拉','A001','4',1,1,'2016-04-05 22:41:54.857'),
('A002_1_002','南春香','A002','6',1,1,'2016-01-26 21:48:40.28'),
('A002_1_003','南夏奈','A002','7',1,1,'2016-01-26 21:48:40.28'),
('A002_1_004','南千秋','A002','8',1,1,'2016-01-26 21:48:40.28'),
('A003_0_001','草摩紫吴','A003','70',0,1,'2016-01-26 21:48:40.28'),
('A003_0_002','鱼谷亚里纱','A003','71',0,1,'2016-01-26 21:48:40.28'),
('A003_0_003','花岛咲','A003','72',0,1,'2016-01-26 21:48:40.28'),
('A003_1_010','本田透','A003','67',1,1,'2016-01-26 21:48:40.28'),
('A003_1_011','草摩由希','A003','68',1,1,'2016-01-26 21:48:40.28'),
('A003_1_012','草摩夹','A003','69',1,1,'2016-01-26 21:48:40.28'),
('A004_0_001','日下部美纱绪','A004','77',0,1,'2016-01-26 21:48:40.28'),
('A004_0_002','峰岸绫乃','A004','78',0,1,'2016-01-26 21:48:40.28'),
('A004_0_003','小早川优','A004','79',0,1,'2016-01-26 21:48:40.28'),
('A004_0_004','岩崎南','A004','8',0,1,'2016-01-26 21:48:40.28'),
('A004_0_005','田村日和','A004','80',0,1,'2016-01-26 21:48:40.28'),
('A004_0_006','帕特莉西亚?马汀','A004','81',0,1,'2016-01-26 21:48:40.28'),
('A004_0_007','黑井奈那子','A004','82',0,1,'2016-01-26 21:48:40.28'),
('A004_0_008','成实唯','A004','83',0,1,'2016-01-26 21:48:40.28'),
('A004_0_009','泉总次郎','A004','84',0,1,'2016-01-26 21:48:40.28'),
('A004_0_010','泉彼方','A004','85',0,1,'2016-01-26 21:48:40.28'),
('A004_0_011','小神晶','A004','86',0,1,'2016-01-26 21:48:40.28'),
('A004_0_012','白石稔','A004','87',0,1,'2016-01-26 21:48:40.28'),
('A004_1_001','泉此方','A004','73',1,1,'2016-01-26 21:48:40.28'),
('A004_1_002','柊镜','A004','74',1,1,'2016-01-26 21:48:40.28'),
('A004_1_003','柊司','A004','75',1,1,'2016-01-26 21:48:40.28'),
('A004_1_004','高良美幸','A004','76',1,1,'2016-01-26 21:48:40.28'),
('A007_0_001','狩野堇','A007','92',0,1,'2016-01-26 21:48:40.28'),
('A007_0_002','恋洼百合','A007','93',0,1,'2016-01-26 21:48:40.28'),
('A007_0_003','高须泰子','A007','94',0,1,'2016-01-26 21:48:40.28'),
('A007_1_001','高须龙儿','A007','88',1,1,'2016-01-26 21:48:40.28'),
('A007_1_002','逢坂大河','A007','89',1,1,'2016-01-26 21:48:40.28'),
('A007_1_003','栉枝实乃梨','A007','67',1,1,'2016-01-26 21:48:40.28'),
('A007_1_004','北村佑作','A007','90',1,1,'2016-01-26 21:48:40.28'),
('A007_1_005','川岛亚美','A007','91',1,1,'2016-01-26 21:48:40.28'),
('A009_0_001','夏目铃子','A009','97',0,1,'2016-01-26 21:48:40.28'),
('A009_0_002','名取周一','A009','98',0,1,'2016-01-26 21:48:40.28'),
('A009_0_003','田沼要','A009','99',0,1,'2016-01-26 21:48:40.28'),
('A009_0_004','多轨透','A009','6',0,1,'2016-01-26 21:48:40.28'),
('A009_1_001','夏目贵志','A009','95',1,1,'2016-01-26 21:48:40.28'),
('A009_1_002','猫老师','A009','96',1,1,'2016-01-26 21:48:40.28'),
('A010_0_001','山中佐和子','A010','102',0,1,'2016-01-26 21:48:40.28'),
('A010_0_002','平泽忧','A010','103',0,1,'2016-01-26 21:48:40.28'),
('A010_0_003','真锅和','A010','104',0,1,'2016-01-26 21:48:40.28'),
('A010_0_004','铃木纯','A010','105',0,1,'2016-01-26 21:48:40.28'),
('A010_1_001','平泽唯','A010','16',1,1,'2016-01-26 21:48:40.28'),
('A010_1_002','秋山澪','A010','65',1,1,'2016-01-26 21:48:40.28'),
('A010_1_003','田井中律','A010','100',1,1,'2016-01-26 21:48:40.28'),
('A010_1_004','琴吹?','A010','11',1,1,'2016-01-26 21:48:40.28'),
('A010_1_005','中野梓','A010','101',1,1,'2016-01-26 21:48:40.28'),
('A011_1_001','奇奇','A011','106',1,1,'2016-01-26 21:48:40.28'),
('A011_1_002','洋平','A011','107',1,1,'2016-01-26 21:48:40.28'),
('A012_0_001','朝仓凉子','A012','111',0,1,'2016-01-26 21:48:40.28'),
('A012_0_002','鹤屋','A012','112',0,1,'2016-01-26 21:48:40.28'),
('A012_0_003','谷口','A012','87',0,1,'2016-01-26 21:48:40.28'),
('A012_0_004','虚妹','A012','113',0,1,'2016-01-26 21:48:40.28'),
('A012_1_001','凉宫春日','A012','73',1,1,'2016-01-26 21:48:40.28'),
('A012_1_002','阿虚','A012','108',1,1,'2016-01-26 21:48:40.28'),
('A012_1_003','长门有希','A012','8',1,1,'2016-01-26 21:48:40.28'),
('A012_1_004','朝比奈实玖瑠','A012','109',1,1,'2016-01-26 21:48:40.28'),
('A012_1_005','古泉一树','A012','110',1,1,'2016-01-26 21:48:40.28'),
('A014_0_001','桂雏菊','A014','25',0,1,'2016-01-26 21:48:40.28'),
('A014_0_002','天王州雅典娜','A014','3',0,1,'2016-01-26 21:48:40.28'),
('A014_0_003','西泽步','A014','115',0,1,'2016-01-26 21:48:40.28'),
('A014_0_004','水莲寺璐珈','A014','116',0,1,'2016-01-26 21:48:40.28'),
('A014_0_005','克劳斯','A014','117',0,1,'2016-01-26 21:48:40.28'),
('A014_0_006','球球','A014','118',0,1,'2016-01-26 21:48:40.28'),
('A014_0_007','白野威','A014','119',0,1,'2016-01-26 21:48:40.28'),
('A014_0_008','爱泽咲夜','A014','120',0,1,'2016-01-26 21:48:40.28'),
('A014_0_009','鹭之宫伊澄','A014','121',0,1,'2016-01-26 21:48:40.28'),
('A014_0_010','橘亘','A014','7',0,1,'2016-01-26 21:48:40.28'),
('A014_0_011','贵嶋沙希','A014','122',0,1,'2016-01-26 21:48:40.28'),
('A014_0_012','濑川泉','A014','123',0,1,'2016-01-26 21:48:40.28'),
('A014_0_013','花菱美希','A014','124',0,1,'2016-01-26 21:48:40.28'),
('A014_0_014','朝风理沙','A014','125',0,1,'2016-01-26 21:48:40.28'),
('A014_0_015','霞爱歌','A014','74',0,1,'2016-01-26 21:48:40.28'),
('A014_0_016','春风千樱','A014','20',0,1,'2016-01-26 21:48:40.28'),
('A014_0_017','桂雪路','A014','5',0,1,'2016-01-26 21:48:40.28'),
('A014_1_001','绫崎飒','A014','114',1,1,'2016-01-26 21:48:40.28'),
('A014_1_002','三千院凪','A014','89',1,1,'2016-01-26 21:48:40.28'),
('A014_1_003','玛莉亚','A014','93',1,1,'2016-01-26 21:48:40.28'),
('A015_0_001','须贺京太郎','A015','127',0,1,'2016-01-26 21:48:40.28'),
('A015_0_002','天江衣','A015','75',0,1,'2016-01-26 21:48:40.28'),
('A015_0_003','龙门渕透华','A015','8',0,1,'2016-01-26 21:48:40.28'),
('A015_0_004','国广一','A015','128',0,1,'2016-01-26 21:48:40.28'),
('A015_0_005','泽村智纪','A015','129',0,1,'2016-01-26 21:48:40.28'),
('A015_0_006','井上纯','A015','92',0,1,'2016-01-26 21:48:40.28'),
('A015_0_007','福路美穗子','A015','67',0,1,'2016-01-26 21:48:40.28'),
('A015_0_008','池田华菜','A015','130',0,1,'2016-01-26 21:48:40.28'),
('A015_0_009','吉留未春','A015','131',0,1,'2016-01-26 21:48:40.28'),
('A015_0_010','文堂星夏','A015','132',0,1,'2016-01-26 21:48:40.28'),
('A015_0_011','深堀纯代','A015','133',0,1,'2016-01-26 21:48:40.28'),
('A015_0_012','津山睦月','A015','134',0,1,'2016-01-26 21:48:40.28'),
('A015_0_013','妹尾佳织','A015','135',0,1,'2016-01-26 21:48:40.28'),
('A015_0_014','蒲原智美','A015','111',0,1,'2016-01-26 21:48:40.28'),
('A015_0_015','东横桃子','A015','136',0,1,'2016-01-26 21:48:40.28'),
('A015_0_016','加治木由美','A015','137',0,1,'2016-01-26 21:48:40.28'),
('A015_0_017','宫永照','A015','138',0,1,'2016-01-26 21:48:40.28'),
('A015_0_018','弘世堇','A015','133',0,1,'2016-01-26 21:48:40.28'),
('A015_0_019','涩谷尧深','A015','139',0,1,'2016-01-26 21:48:40.28'),
('A015_0_020','亦野诚子','A015','80',0,1,'2016-01-26 21:48:40.28'),
('A015_0_021','大星淡','A015','140',0,1,'2016-01-26 21:48:40.28'),
('A015_0_022','园城寺怜','A015','141',0,1,'2016-01-26 21:48:40.28'),
('A015_0_023','清水谷龙华','A015','142',0,1,'2016-01-26 21:48:40.28'),
('A015_0_024','江口夕','A015','143',0,1,'2016-01-26 21:48:40.28'),
('A015_0_025','二条泉','A015','144',0,1,'2016-01-26 21:48:40.28'),
('A015_0_026','船久保浩子','A015','145',0,1,'2016-01-26 21:48:40.28'),
('A015_0_027','鹭森灼','A015','150',0,1,'2016-01-26 21:48:40.28'),
('A015_0_028','赤土晴绘','A015','151',0,1,'2016-01-26 21:48:40.28'),
('A015_1_001','宫永咲','A015','120',1,1,'2016-01-26 21:48:40.28'),
('A015_1_002','原村和','A015','126',1,1,'2016-01-26 21:48:40.28'),
('A015_1_003','片冈优希','A015','89',1,1,'2016-01-26 21:48:40.28'),
('A015_1_004','染谷真子','A015','114',1,1,'2016-01-26 21:48:40.28'),
('A015_1_005','竹井久','A015','25',1,1,'2016-01-26 21:48:40.28'),
('A015_1_006','高鸭稳乃','A015','146',1,1,'2016-01-26 21:48:40.28'),
('A015_1_007','新子憧','A015','147',1,1,'2016-01-26 21:48:40.28'),
('A015_1_008','松实玄','A015','148',1,1,'2016-01-26 21:48:40.28'),
('A015_1_009','松实宥','A015','149',1,1,'2016-01-26 21:48:40.28'),
('A016_0_001','丘爾潔?奥古斯都?菲列特利加?封?安哈尔特?澤羅普斯特','A016','153',0,1,'2016-01-26 21:48:40.28'),
('A016_0_002','塔巴萨','A016','154',0,1,'2016-01-26 21:48:40.28'),
('A016_0_003','谢丝塔','A016','67',0,1,'2016-01-26 21:48:40.28'),
('A016_1_001','露易丝·法兰西斯·露·布朗·杜·拉·瓦利埃尔','A016','89',1,1,'2016-01-26 21:48:40.28'),
('A016_1_002','平贺才人','A016','152',1,1,'2016-01-26 21:48:40.28'),
('A017_1_001','胡子小鸡','A017','155',1,1,'2016-01-26 21:48:40.28'),
('A017_1_002','羽田弘','A017','137',1,1,'2016-01-26 21:48:40.28'),
('A018_0_001','萨姆','A018','88',0,1,'2016-01-26 21:48:40.28'),
('A018_0_002','佤琳','A018','156',0,1,'2016-01-26 21:48:40.28'),
('A018_1_001','玛琳','A018','119',1,1,'2016-01-26 21:48:40.28'),
('A018_1_002','乌琳','A018','67',1,1,'2016-01-26 21:48:40.28'),
('A018_1_003','宫守夏音','A018','11',1,1,'2016-01-26 21:48:40.28'),
('A019_0_003','忍野咩咩','A019','66',0,1,'2016-01-26 21:48:40.28'),
('A019_1_011','阿良良木历','A019','95',1,1,'2016-01-26 21:48:40.28'),
('A019_1_012','战场原黑仪','A019','140',1,1,'2016-01-26 21:48:40.28'),
('A019_1_013','八九寺真宵','A019','74',1,1,'2016-01-26 21:48:40.28'),
('A019_1_014','神原骏河','A019','157',1,1,'2016-01-26 21:48:40.28'),
('A019_1_015','千石抚子','A019','148',1,1,'2016-01-26 21:48:40.28'),
('A019_1_016','忍野忍','A019','158',1,1,'2016-01-26 21:48:40.28'),
('A019_1_017','阿良良木火怜','A019','91',1,1,'2016-01-26 21:48:40.28'),
('A019_1_018','阿良良木月火','A019','13',1,1,'2016-01-26 21:48:40.28'),
('A020_1_001','森下历美','A020','9',1,1,'2016-01-26 21:48:40.28'),
('A020_1_002','姉原美锁','A020','5',1,1,'2016-01-26 21:48:40.28'),
('A020_1_003','一之濑·弓子·克莉丝汀娜','A020','10',1,1,'2016-01-26 21:48:40.28'),
('A020_1_004','坂崎嘉穗','A020','11',1,1,'2016-01-26 21:48:40.28'),
('A021_0_004','猿飞秀吉','A021','161',0,1,'2016-01-26 21:48:40.28'),
('A021_0_005','钱形巡','A021','130',0,1,'2016-01-26 21:48:40.28'),
('A021_0_006','不知火明乃','A021','91',0,1,'2016-01-26 21:48:40.28'),
('A021_1_004','满潮永澄','A021','34',1,1,'2016-01-26 21:48:40.28'),
('A021_1_005','濑户灿','A021','159',1,1,'2016-01-26 21:48:40.28'),
('A021_1_006','江戸前留奈','A021','160',1,1,'2016-01-26 21:48:40.28'),
('A022_0_001','吉田一美','A022','3',0,1,'2016-01-26 21:48:40.28'),
('A022_0_002','池速人','A022','90',0,1,'2016-01-26 21:48:40.28'),
('A022_0_003','平井缘','A022','125',0,1,'2016-01-26 21:48:40.28'),
('A022_0_004','马可西亚斯','A022','163',0,1,'2016-01-26 21:48:40.28'),
('A022_0_005','玛琼琳·朵','A022','5',0,1,'2016-01-26 21:48:40.28'),
('A022_1_001','夏娜','A022','89',1,1,'2016-01-26 21:48:40.28'),
('A022_1_002','坂井悠二','A022','152',1,1,'2016-01-26 21:48:40.28'),
('A022_1_003','亚拉斯特尔','A022','162',1,1,'2016-01-26 21:48:40.28'),
('A026_0_001','一方通行','A026','14',0,1,'2016-01-26 21:48:40.28'),
('A026_0_002','土御门元春','A026','18',0,1,'2016-01-26 21:48:40.28'),
('A026_0_003','蓝发耳环','A026','19',0,1,'2016-01-26 21:48:40.28'),
('A026_0_004','姬神秋沙','A026','4',0,1,'2016-01-26 21:48:40.28'),
('A026_0_005','吹寄制理','A026','20',0,1,'2016-01-26 21:48:40.28'),
('A026_0_006','月咏小萌','A026','21',0,1,'2016-01-26 21:48:40.28'),
('A026_0_007','泡浮万彬','A026','22',0,1,'2016-01-26 21:48:40.28'),
('A026_0_008','婚后光子','A026','11',0,1,'2016-01-26 21:48:40.28'),
('A026_0_009','食蜂操祈','A026','23',0,1,'2016-01-26 21:48:40.28'),
('A026_0_010','史提尔·马格努斯','A026','24',0,1,'2016-01-26 21:48:40.28'),
('A026_0_011','神裂火织','A026','25',0,1,'2016-01-26 21:48:40.28'),
('A026_1_001','上条当麻','A026','12',1,1,'2016-01-26 21:48:40.28'),
('A026_1_002','茵蒂克丝','A026','13',1,1,'2016-01-26 21:48:40.28'),
('A026_1_003','御坂美琴','A026','6',1,1,'2016-01-26 21:48:40.28'),
('A026_1_004','白井黑子','A026','15',1,1,'2016-01-26 21:48:40.28'),
('A026_1_005','初春饰利','A026','16',1,1,'2016-01-26 21:48:40.28'),
('A026_1_006','佐天泪子','A026','17',1,1,'2016-01-26 21:48:40.28'),
('A039_0_001','都筑乙女','A039','100',0,1,'2016-04-10 23:54:24.65'),
('A039_0_002','竹马园夏帆','A039','228',0,1,'2016-04-10 23:54:24.653'),
('A039_0_003','鸣子叶绘','A039','67',0,1,'2016-04-10 23:54:24.657'),
('A039_1_001','都筑巧','A039','14',1,1,'2016-04-10 23:54:24.643'),
('A039_1_002','芹泽文乃','A039','17',1,1,'2016-04-10 23:54:24.647'),
('A039_1_003','雾谷希','A039','101',1,1,'2016-04-10 23:54:24.647'),
('A039_1_004','梅之森千世','A039','13',1,1,'2016-04-10 23:54:24.65'),
('A040_1_001','薙','A040','10',1,1,'2016-04-10 23:57:44.693'),
('A040_1_002','御厨仁','A040','284',1,1,'2016-04-10 23:57:44.697'),
('A040_1_003','青叶鸫','A040','157',1,1,'2016-04-10 23:57:44.697'),
('A040_1_004','忏悔','A040','148',1,1,'2016-04-10 23:57:44.7'),
('A040_1_005','凉城白亚','A040','148',1,1,'2016-04-10 23:57:44.703'),
('A041_1_001','田中由土里','A041','146',1,1,'2016-04-10 23:59:47.607'),
('A041_1_002','摘込诗织','A041','148',1,1,'2016-04-10 23:59:47.61'),
('A041_1_003','団华院铃子','A041','285',1,1,'2016-04-10 23:59:47.61'),
('A042_0_001','绫濑瑠子','A042','5',0,1,'2016-04-11 00:06:20.867'),
('A042_1_001','绫濑裕人','A042','279',1,1,'2016-04-11 00:06:20.863'),
('A042_1_002','乃木坂春香','A042','4',1,1,'2016-04-11 00:06:20.867'),
('A042_1_003','乃木坂美夏','A042','286',1,1,'2016-04-11 00:06:20.87'),
('A042_1_004','朝仓信长','A042','287',1,1,'2016-04-11 00:06:20.87'),
('A042_1_005','天宫椎菜','A042','6',1,1,'2016-04-11 00:06:20.87'),
('A043_0_001','灰原系','A043','64',0,1,'2016-04-11 00:12:45.57'),
('A043_0_002','宇佐见美美','A043','89',0,1,'2016-04-11 00:12:45.573'),
('A043_0_003','大路明弘','A043','289',0,1,'2016-04-11 00:12:45.573'),
('A043_0_004','犬塚','A043','202',0,1,'2016-04-11 00:12:45.577'),
('A043_0_005','猿渡','A043','290',0,1,'2016-04-11 00:12:45.577'),
('A043_1_001','大神凉子','A043','25',1,1,'2016-04-11 00:12:45.55'),
('A043_1_002','森野亮士','A043','288',1,1,'2016-04-11 00:12:45.553'),
('A043_1_003','赤井林檎','A043','17',1,1,'2016-04-11 00:12:45.557'),
('A043_1_004','桐木李斯特','A043','90',1,1,'2016-04-11 00:12:45.557'),
('A043_1_005','桐木爱丽丝','A043','67',1,1,'2016-04-11 00:12:45.56'),
('A043_1_006','鹤谷乙卯','A043','3',1,1,'2016-04-11 00:12:45.56'),
('A043_1_007','玛琼丽卡·璐·菲','A043','21',1,1,'2016-04-11 00:12:45.563'),
('A043_1_008','浦岛太郎','A043','277',1,1,'2016-04-11 00:12:45.563'),
('A043_1_009','龙宫乙姬','A043','16',1,1,'2016-04-11 00:12:45.57'),
('A044_0_001','横岛鸣子','A044','137',0,1,'2016-04-11 01:20:16.143'),
('A044_0_002','畑兰子','A044','15',0,1,'2016-04-11 01:20:16.143'),
('A044_0_003','三叶睦美','A044','295',0,1,'2016-04-11 01:20:16.147'),
('A044_0_004','津田琴美','A044','296',0,1,'2016-04-11 01:20:16.147'),
('A044_0_005','五十岚枫','A044','74',0,1,'2016-04-11 01:20:16.15'),
('A044_0_006','鱼见','A044','140',0,1,'2016-04-11 01:20:16.15'),
('A044_1_001','津田隆利','A044','277',1,1,'2016-04-11 01:20:16.133'),
('A044_1_002','天草篠','A044','65',1,1,'2016-04-11 01:20:16.137'),
('A044_1_003','七条天空','A044','100',1,1,'2016-04-11 01:20:16.14'),
('A044_1_004','萩村铃','A044','123',1,1,'2016-04-11 01:20:16.14'),
('A070_0_001','夏塔小弟','A070','15',0,1,'2016-04-06 00:43:02.067'),
('A070_0_002','八坂赖子','A070','68',0,1,'2016-04-06 00:43:02.07'),
('A070_0_003','余市健彦','A070','279',0,1,'2016-04-06 00:43:02.07'),
('A070_0_004','暮井珠绪','A070','183',0,1,'2016-04-06 00:43:02.073'),
('A070_0_005','阿特拉克·纳克亚','A070','207',0,1,'2016-04-06 00:43:02.073'),
('A070_0_006','克音','A070','197',0,1,'2016-04-06 00:43:02.077'),
('A070_1_001','奈亚拉托提普','A070','119',1,1,'2016-04-06 00:43:02.06'),
('A070_1_002','八坂真寻','A070','91',1,1,'2016-04-06 00:43:02.063'),
('A070_1_003','克图格亚','A070','121',1,1,'2016-04-06 00:43:02.063'),
('A070_1_004','哈斯塔','A070','89',1,1,'2016-04-06 00:43:02.067'),
('A071_0_001','崎守咲','A071','203',0,1,'2016-04-06 00:37:51.583'),
('A071_0_002','深山佳奈','A071','86',0,1,'2016-04-06 00:37:51.583'),
('A071_0_003','西原京谷','A071','278',0,1,'2016-04-06 00:37:51.587'),
('A071_1_001','御庭摘希','A071','259',1,1,'2016-04-06 00:37:51.573'),
('A071_1_002','音无伊御','A071','14',1,1,'2016-04-06 00:37:51.577'),
('A071_1_003','春野姬','A071','75',1,1,'2016-04-06 00:37:51.58'),
('A071_1_004','片濑真宵','A071','59',1,1,'2016-04-06 00:37:51.58'),
('A071_1_005','戌井榊','A071','277',1,1,'2016-04-06 00:37:51.58'),
('A072_1_001','芜罗亭魔梨威','A072','33',1,1,'2016-04-06 00:23:21.403'),
('A072_1_002','波浪浮亭木胡桃','A072','250',1,1,'2016-04-06 00:23:21.403'),
('A072_1_003','防波亭手寅','A072','207',1,1,'2016-04-06 00:23:21.407'),
('A072_1_004','空琉美游亭丸京','A072','22',1,1,'2016-04-06 00:23:21.407'),
('A072_1_005','暗落亭苦来','A072','276',1,1,'2016-04-06 00:23:21.41'),
('A073_0_001','青木义文','A073','275',0,1,'2016-04-06 00:17:35.457'),
('A073_0_002','藤岛麻衣子','A073','25',0,1,'2016-04-06 00:17:35.46'),
('A073_1_001','八重?太一','A073','34',1,1,'2016-04-06 00:17:35.45'),
('A073_1_002','永濑伊织','A073','16',1,1,'2016-04-06 00:17:35.453'),
('A073_1_003','稻叶姬子','A073','157',1,1,'2016-04-06 00:17:35.453'),
('A073_1_004','桐山唯','A073','274',1,1,'2016-04-06 00:17:35.457'),
('A074_0_001','大森庄子','A074','273',0,1,'2016-04-06 00:13:27.75'),
('A074_1_001','野矢一树','A074','270',1,1,'2016-04-06 00:13:27.74'),
('A074_1_002','户田山响子','A074','119',1,1,'2016-04-06 00:13:27.74'),
('A074_1_003','金森羽片','A074','38',1,1,'2016-04-06 00:13:27.743'),
('A074_1_004','广松理圭','A074','271',1,1,'2016-04-06 00:13:27.747'),
('A074_1_005','大庭莲实','A074','100',1,1,'2016-04-06 00:13:27.747'),
('A074_1_006','伊势田结花','A074','272',1,1,'2016-04-06 00:13:27.75'),
('A075_1_001','降谷千纮','A075','226',1,1,'2016-04-06 00:10:52.72'),
('A075_1_002','散华礼弥','A075','35',1,1,'2016-04-06 00:10:52.72'),
('A075_1_003','左王子兰子','A075','123',1,1,'2016-04-06 00:10:52.723'),
('A076_0_001','小鸟游十花','A076','208',0,1,'2016-04-06 00:08:52.853'),
('A076_1_001','富?勇太','A076','127',1,1,'2016-04-06 00:08:52.843'),
('A076_1_002','小鸟游六花','A076','35',1,1,'2016-04-06 00:08:52.843'),
('A076_1_003','丹生谷森夏','A076','220',1,1,'2016-04-06 00:08:52.847'),
('A076_1_004','一色诚','A076','269',1,1,'2016-04-06 00:08:52.85'),
('A076_1_005','七宫智音','A076','262',1,1,'2016-04-06 00:08:52.85'),
('A076_1_006','五月七日茴香','A076','23',1,1,'2016-04-06 00:08:52.85'),
('A076_1_007','凸守早苗','A076','53',1,1,'2016-04-06 00:08:52.853'),
('A077_0_001','四之宫霞','A077','265',0,1,'2016-04-05 23:46:44.713'),
('A077_0_002','天使圣罗','A077','266',0,1,'2016-04-05 23:46:44.713'),
('A077_0_003','杰拉丁·伯恩斯坦','A077','267',0,1,'2016-04-05 23:46:44.717'),
('A077_0_004','森小姐','A077','268',0,1,'2016-04-05 23:46:44.717'),
('A077_1_001','四之宫京夜','A077','254',1,1,'2016-04-05 23:46:44.703'),
('A077_1_002','天使真央','A077','35',1,1,'2016-04-05 23:46:44.703'),
('A077_1_003','皇紫音','A077','232',1,1,'2016-04-05 23:46:44.707'),
('A077_1_004','天使惠','A077','263',1,1,'2016-04-05 23:46:44.71'),
('A077_1_005','绮罗罗·伯恩斯坦','A077','264',1,1,'2016-04-05 23:46:44.71'),
('A077_1_006','神无月环','A077','53',1,1,'2016-04-05 23:46:44.71'),
('A078_0_001','枫','A078','13',1,1,'2016-04-05 23:22:12.387'),
('A078_1_001','石原浪花','A078','119',1,1,'2016-04-05 23:22:12.387'),
('A078_1_002','石原京介','A078','114',1,1,'2016-04-05 23:22:12.39'),
('A080_0_001','常盘绿','A080','261',0,1,'2016-04-05 22:25:10.28'),
('A080_0_002','牧野神奈','A080','262',0,1,'2016-04-05 22:25:10.283'),
('A080_0_003','北白川馅子','A080','191',0,1,'2016-04-05 22:25:10.283'),
('A080_0_004','北白川豆大','A080','189',0,1,'2016-04-05 22:25:10.287'),
('A080_0_005','北白川雏子','A080','65',0,1,'2016-04-05 22:25:10.287'),
('A080_1_001','北白川玉子','A080','37',1,1,'2016-04-05 22:25:10.273'),
('A080_1_002','大路饼藏','A080','26',1,1,'2016-04-05 22:25:10.277'),
('A080_1_003','迪拉·莫奇马兹','A080','260',1,1,'2016-04-05 22:25:10.28'),
('A081_0_010','相川千穗','A081','169',0,1,'2016-03-26 20:25:49.257'),
('A081_0_011','冈野佳','A081','229',0,1,'2016-03-26 20:25:49.257'),
('A081_0_012','松本赖子','A081','67',0,1,'2016-03-26 20:25:49.26'),
('A081_1_010','野野原柚子','A081','259',1,1,'2016-03-26 20:25:49.257'),
('A081_1_011','栎井唯','A081','204',1,1,'2016-03-26 20:25:49.257'),
('A081_1_012','日向缘','A081','165',1,1,'2016-03-26 20:25:49.257'),
('A082_0_001','艾美','A082','258',0,1,'2016-02-26 00:03:02.233'),
('A082_0_002','胖太','A082','90',0,1,'2016-02-26 00:03:02.233'),
('A082_1_001','横寺阳人','A082','249',1,1,'2016-02-26 00:03:02.23'),
('A082_1_002','筒隐月子','A082','141',1,1,'2016-02-26 00:03:02.23'),
('A082_1_003','小豆梓','A082','75',1,1,'2016-02-26 00:03:02.23'),
('A082_1_004','筒隐筑紫','A082','228',1,1,'2016-02-26 00:03:02.233'),
('A083_0_001','村雨令音','A083','76',0,1,'2016-02-26 00:01:08.827'),
('A083_0_002','神无月恭平','A083','256',0,1,'2016-02-26 00:01:08.827'),
('A083_0_003','崇宫真那','A083','257',0,1,'2016-02-26 00:01:08.827'),
('A083_1_001','五河士道','A083','171',1,1,'2016-02-26 00:01:08.823'),
('A083_1_002','夜刀神十香','A083','7',1,1,'2016-02-26 00:01:08.823'),
('A083_1_003','鸢一折纸','A083','255',1,1,'2016-02-26 00:01:08.823'),
('A083_1_004','五河琴里','A083','101',1,1,'2016-02-26 00:01:08.823'),
('A083_1_005','四糸乃','A083','194',1,1,'2016-02-26 00:01:08.827'),
('A083_1_006','时崎狂三','A083','102',1,1,'2016-02-26 00:01:08.827'),
('A083_1_007','八舞耶俱矢','A083','35',1,1,'2016-02-26 00:01:08.827'),
('A083_1_008','八舞夕弦','A083','195',1,1,'2016-02-26 00:01:08.827'),
('A083_1_009','诱宵美九','A083','8',1,1,'2016-02-26 00:01:08.827'),
('A084_0_001','小紫','A084','141',0,1,'2016-02-25 23:56:43.17'),
('A084_0_002','伊吕里','A084','169',0,1,'2016-02-25 23:56:43.17'),
('A084_1_001','赤羽雷真','A084','254',1,1,'2016-02-25 23:56:43.17'),
('A084_1_002','夜夜','A084','187',1,1,'2016-02-25 23:56:43.17'),
('A084_1_003','爱丽丝·卢瑟福','A084','165',1,1,'2016-02-25 23:56:43.17'),
('A084_1_004','芙蕾','A084','119',1,1,'2016-02-25 23:56:43.17'),
('A085_0_001','园田美月','A085','193',0,1,'2016-02-25 23:53:36.88'),
('A085_0_002','乙川澄','A085','36',0,1,'2016-02-25 23:53:36.88'),
('A085_1_001','高山春香','A085','10',1,1,'2016-02-25 23:53:36.877'),
('A085_1_002','园田优','A085','13',1,1,'2016-02-25 23:53:36.877'),
('A085_1_003','野田琴音','A085','214',1,1,'2016-02-25 23:53:36.877'),
('A085_1_004','南雫','A085','251',1,1,'2016-02-25 23:53:36.88'),
('A085_1_005','池野枫','A085','252',1,1,'2016-02-25 23:53:36.88'),
('A085_1_006','饭冢柚','A085','253',1,1,'2016-02-25 23:53:36.88'),
('A086_0_002','宫本琉璃','A086','150',0,1,'2016-02-25 23:50:42.21'),
('A086_0_003','舞子集','A086','249',0,1,'2016-02-25 23:50:42.21'),
('A086_0_004','彩凤良','A086','250',0,1,'2016-02-25 23:50:42.21'),
('A086_0_005','宝拉·马可伊','A086','54',0,1,'2016-02-25 23:50:42.21'),
('A086_1_003','一条乐','A086','32',1,1,'2016-02-25 23:50:42.207'),
('A086_1_004','桐崎千棘','A086','147',1,1,'2016-02-25 23:50:42.207'),
('A086_1_005','小野寺小咲','A086','148',1,1,'2016-02-25 23:50:42.207'),
('A086_1_006','鸫诚士郎','A086','179',1,1,'2016-02-25 23:50:42.207'),
('A086_1_007','橘万里花','A086','119',1,1,'2016-02-25 23:50:42.21'),
('A086_1_008','奏仓羽','A086','67',1,1,'2016-02-25 23:50:42.21'),
('A086_1_009','小野寺春','A086','33',1,1,'2016-02-25 23:50:42.21'),
('A087_0_001','提比','A087','166',0,1,'2016-01-26 21:48:40.28'),
('A087_0_002','香风隆宏','A087','167',0,1,'2016-01-26 21:48:40.28'),
('A087_0_003','条河麻耶','A087','168',0,1,'2016-01-26 21:48:40.28'),
('A087_0_004','奈津惠','A087','51',0,1,'2016-01-26 21:48:40.28'),
('A087_0_005','青山Blue Mountain','A087','64',0,1,'2016-01-26 21:48:40.28'),
('A087_0_006','保登萌香','A087','169',0,1,'2016-01-26 21:48:40.28'),
('A087_1_001','保登心爱','A087','33',1,1,'2016-01-26 21:48:40.28'),
('A087_1_002','香风智乃','A087','164',1,1,'2016-01-26 21:48:40.28'),
('A087_1_003','天天座理世','A087','165',1,1,'2016-01-26 21:48:40.28'),
('A087_1_004','宇治松千夜','A087','100',1,1,'2016-01-26 21:48:40.28'),
('A087_1_005','桐间纱路','A087','35',1,1,'2016-01-26 21:48:40.28'),
('A088_0_001','史蒂芬妮·多拉','A088','65',0,1,'2016-01-31 23:36:16.453'),
('A088_0_002','克拉米·杰尔','A088','13',0,1,'2016-01-31 23:36:16.453'),
('A088_0_003','吉普莉尔','A088','228',0,1,'2016-01-31 23:36:16.453'),
('A088_0_004','菲尔·尼尔巴连','A088','4',0,1,'2016-01-31 23:36:16.453'),
('A088_0_005','初濑伊纲','A088','157',0,1,'2016-01-31 23:36:16.453'),
('A088_0_006','初濑伊野','A088','246',0,1,'2016-01-31 23:36:16.453'),
('A088_0_007','特图','A088','89',0,1,'2016-01-31 23:36:16.457'),
('A088_1_001','空','A088','202',1,1,'2016-01-31 23:36:16.453'),
('A088_1_002','白','A088','169',1,1,'2016-01-31 23:36:16.453'),
('A089_0_001','高海千歌','A089','237',0,1,'2016-01-31 23:32:00.517'),
('A089_0_002','樱内梨子','A089','238',0,1,'2016-01-31 23:32:00.52'),
('A089_0_003','松浦果南','A089','239',0,1,'2016-01-31 23:32:00.52'),
('A089_0_004','黑泽黛雅','A089','240',0,1,'2016-01-31 23:32:00.52'),
('A089_0_005','渡边曜','A089','241',0,1,'2016-01-31 23:32:00.52'),
('A089_0_006','津岛善子','A089','242',0,1,'2016-01-31 23:32:00.52'),
('A089_0_007','国木田花丸','A089','243',0,1,'2016-01-31 23:32:00.52'),
('A089_0_008','小原鞠莉','A089','244',0,1,'2016-01-31 23:32:00.52'),
('A089_0_009','黑泽露比','A089','245',0,1,'2016-01-31 23:32:00.52'),
('A089_1_016','高坂穗乃果','A089','230',1,1,'2016-01-31 23:32:00.517'),
('A089_1_017','绚濑绘里','A089','22',1,1,'2016-01-31 23:32:00.517'),
('A089_1_018','南小鸟','A089','231',1,1,'2016-01-31 23:32:00.517'),
('A089_1_019','园田海未','A089','232',1,1,'2016-01-31 23:32:00.517'),
('A089_1_020','星空凛','A089','233',1,1,'2016-01-31 23:32:00.517'),
('A089_1_021','西木野真姬','A089','234',1,1,'2016-01-31 23:32:00.517'),
('A089_1_022','东条希','A089','235',1,1,'2016-01-31 23:32:00.517'),
('A089_1_023','小泉花阳','A089','236',1,1,'2016-01-31 23:32:00.517'),
('A089_1_024','矢泽妮可','A089','168',1,1,'2016-01-31 23:32:00.517'),
('A090_0_013','乌丸樱','A090','100',0,1,'2016-03-26 20:23:16.297'),
('A090_0_014','松原穗乃花','A090','174',0,1,'2016-03-26 20:23:16.297'),
('A090_0_015','久世桥朱里','A090','173',0,1,'2016-03-26 20:23:16.297'),
('A090_0_016','大宫勇','A090','228',0,1,'2016-03-26 20:23:16.297'),
('A090_0_017','猪熊空太','A090','229',0,1,'2016-03-26 20:23:16.297'),
('A090_0_018','猪熊美月','A090','51',0,1,'2016-03-26 20:23:16.297'),
('A090_1_011','大宫忍','A090','38',1,1,'2016-03-26 20:23:16.293'),
('A090_1_012','爱丽丝·卡塔雷特','A090','227',1,1,'2016-03-26 20:23:16.293'),
('A090_1_013','小路绫','A090','165',1,1,'2016-03-26 20:23:16.297'),
('A090_1_014','猪熊阳子','A090','150',1,1,'2016-03-26 20:23:16.297'),
('A090_1_015','九条可怜','A090','147',1,1,'2016-03-26 20:23:16.297'),
('A091_1_001','关谷鸣','A091','180',1,1,'2016-01-26 23:31:42.657'),
('A091_1_002','哈娜·N·芳婷史坦','A091','181',1,1,'2016-01-26 23:31:42.657'),
('A091_1_003','笹目夜弥','A091','182',1,1,'2016-01-26 23:31:42.66'),
('A091_1_004','西御门多美','A091','183',1,1,'2016-01-26 23:31:42.66'),
('A091_1_005','常盘真智','A091','54',1,1,'2016-01-26 23:31:42.66'),
('A092_0_001','濑尾结月','A092','157',0,1,'2016-01-31 22:51:19.81'),
('A092_0_002','鹿岛游','A092','138',0,1,'2016-01-31 22:51:19.81'),
('A092_0_003','堀政行','A092','225',0,1,'2016-01-31 22:51:19.81'),
('A092_0_004','若松博隆','A092','226',0,1,'2016-01-31 22:51:19.81'),
('A092_1_001','野崎梅太郎','A092','224',1,1,'2016-01-31 22:51:19.81'),
('A092_1_002','佐仓千代','A092','48',1,1,'2016-01-31 22:51:19.81'),
('A092_1_003','御子柴实琴','A092','14',1,1,'2016-01-31 22:51:19.81'),
('A093_0_001','村上绘美','A093','173',0,1,'2016-01-31 22:47:46.667'),
('A093_1_001','赤松勇树','A093','221',1,1,'2016-01-31 22:47:46.663'),
('A093_1_002','远藤梨乃','A093','222',1,1,'2016-01-31 22:47:46.667'),
('A093_1_003','九条文','A093','57',1,1,'2016-01-31 22:47:46.667'),
('A093_1_004','铃木郁美','A093','174',1,1,'2016-01-31 22:47:46.667'),
('A093_1_005','二阶堂彩香','A093','223',1,1,'2016-01-31 22:47:46.667'),
('A094_0_001','有川辉夜','A094','220',0,1,'2016-01-31 22:45:40.49'),
('A094_0_002','1号','A094','204',0,1,'2016-01-31 22:45:40.49'),
('A094_1_001','有川姬','A094','29',1,1,'2016-01-31 22:45:40.487'),
('A094_1_002','霜科十八','A094','217',1,1,'2016-01-31 22:45:40.487'),
('A094_1_003','伊集院运子','A094','218',1,1,'2016-01-31 22:45:40.487'),
('A094_1_004','阿部罗奈','A094','219',1,1,'2016-01-31 22:45:40.487'),
('A094_1_005','田所悠马','A094','196',1,1,'2016-01-31 22:45:40.487'),
('A095_1_001','伦','A095','75',1,1,'2016-01-31 22:43:47.47'),
('A095_1_002','透','A095','146',1,1,'2016-01-31 22:43:47.47'),
('A095_1_003','优子','A095','11',1,1,'2016-01-31 22:43:47.47'),
('A095_1_004','渚','A095','150',1,1,'2016-01-31 22:43:47.47'),
('A096_0_001','工藤美玲','A096','75',0,1,'2016-01-31 22:41:50.143'),
('A096_1_001','安藤寿来','A096','14',1,1,'2016-01-31 22:41:50.143'),
('A096_1_002','神崎灯代','A096','116',1,1,'2016-01-31 22:41:50.143'),
('A096_1_003','栉川鸠子','A096','64',1,1,'2016-01-31 22:41:50.143'),
('A096_1_004','高梨彩弓','A096','165',1,1,'2016-01-31 22:41:50.143'),
('A096_1_005','姬木千冬','A096','216',1,1,'2016-01-31 22:41:50.143'),
('A097_0_009','莫夫鲁','A097','3',0,1,'2016-01-31 22:39:01.75'),
('A097_0_010','马卡龙','A097','114',0,1,'2016-01-31 22:39:01.75'),
('A097_0_011','堤拉米','A097','9',0,1,'2016-01-31 22:39:01.75'),
('A097_0_012','缪丝','A097','214',0,1,'2016-01-31 22:39:01.75'),
('A097_0_013','莎萝曼','A097','204',0,1,'2016-01-31 22:39:01.75'),
('A097_0_014','席尔菲','A097','55',0,1,'2016-01-31 22:39:01.75'),
('A097_0_015','珂玻莉','A097','215',0,1,'2016-01-31 22:39:01.75'),
('A097_0_016','三角仔','A097','127',0,1,'2016-01-31 22:39:01.75'),
('A097_1_004','可儿江西也','A097','32',1,1,'2016-01-31 22:39:01.75'),
('A097_1_005','千斗五十铃','A097','175',1,1,'2016-01-31 22:39:01.75'),
('A097_1_006','拉媞珐·芙尔兰札','A097','213',1,1,'2016-01-31 22:39:01.75'),
('A098_0_001','高峰一景','A098','210',0,1,'2016-01-31 22:34:45.933'),
('A098_0_002','望月真帆','A098','122',0,1,'2016-01-31 22:34:45.933'),
('A098_0_003','芹泽水结','A098','6',0,1,'2016-01-31 22:34:45.933'),
('A098_0_004','嬉野纱弓实','A098','211',0,1,'2016-01-31 22:34:45.933'),
('A098_0_005','多岐川葵','A098','212',0,1,'2016-01-31 22:34:45.933'),
('A098_1_001','笕京太郎','A098','88',1,1,'2016-01-31 22:34:45.93'),
('A098_1_002','白崎绪美','A098','103',1,1,'2016-01-31 22:34:45.93'),
('A098_1_003','樱庭玉藻','A098','206',1,1,'2016-01-31 22:34:45.93'),
('A098_1_004','御园千莉','A098','207',1,1,'2016-01-31 22:34:45.93'),
('A098_1_005','铃木佳奈','A098','208',1,1,'2016-01-31 22:34:45.93'),
('A098_1_006','小太刀凪','A098','209',1,1,'2016-01-31 22:34:45.93'),
('A099_1_001','海雄','A099','201',1,1,'2016-01-31 22:29:46.627'),
('A099_1_002','监督','A099','202',1,1,'2016-01-31 22:29:46.627'),
('A099_1_003','小日','A099','203',1,1,'2016-01-31 22:29:46.627'),
('A099_1_004','老师','A099','204',1,1,'2016-01-31 22:29:46.627'),
('A099_1_005','荐酒师','A099','205',1,1,'2016-01-31 22:29:46.627'),
('A099_1_006','腐妹','A099','101',1,1,'2016-01-31 22:29:46.627'),
('A099_1_007','相机子','A099','78',1,1,'2016-01-31 22:29:46.627'),
('A100_0_001','川崎沙希','A100','126',0,1,'2016-01-31 22:26:49.113'),
('A100_0_002','叶山隼人','A100','199',0,1,'2016-01-31 22:26:49.113'),
('A100_0_003','三浦优美子','A100','7',0,1,'2016-01-31 22:26:49.113'),
('A100_0_004','海老名姬菜','A100','81',0,1,'2016-01-31 22:26:49.113'),
('A100_0_005','户部翔','A100','200',0,1,'2016-01-31 22:26:49.113'),
('A100_0_006','城回巡','A100','23',0,1,'2016-01-31 22:26:49.113'),
('A100_0_007','雪之下阳乃','A100','138',0,1,'2016-01-31 22:26:49.113'),
('A100_1_001','比企谷八幡','A100','196',1,1,'2016-01-31 22:26:49.11'),
('A100_1_002','雪之下雪乃','A100','64',1,1,'2016-01-31 22:26:49.11'),
('A100_1_003','由比滨结衣','A100','147',1,1,'2016-01-31 22:26:49.11'),
('A100_1_004','平塚静','A100','197',1,1,'2016-01-31 22:26:49.11'),
('A100_1_005','户塚彩加','A100','179',1,1,'2016-01-31 22:26:49.11'),
('A100_1_006','材木座义辉','A100','198',1,1,'2016-01-31 22:26:49.113'),
('A100_1_007','一色彩羽','A100','33',1,1,'2016-01-31 22:26:49.113'),
('A100_1_008','比企谷小町','A100','146',1,1,'2016-01-31 22:26:49.113'),
('A101_0_006','杜松美希音','A101','184',0,1,'2016-01-27 00:14:20.957'),
('A101_0_007','牛若雪路','A101','185',0,1,'2016-01-27 00:14:20.96'),
('A101_0_008','猿飞空','A101','186',0,1,'2016-01-27 00:14:20.96'),
('A101_0_009','猫山珠喜','A101','187',0,1,'2016-01-27 00:14:20.96'),
('A101_0_010','鸟饲云雀','A101','188',0,1,'2016-01-27 00:14:20.96'),
('A101_1_004','犬神八千代','A101','53',1,1,'2016-01-27 00:14:20.953'),
('A101_1_005','猫山铃','A101','147',1,1,'2016-01-27 00:14:20.957'),
('A101_1_006','柊木秋','A101','183',1,1,'2016-01-27 00:14:20.957'),
('A102_0_127','岛风','A102','33',0,1,'2016-04-05 21:38:51.563'),
('A102_0_128','川内','A102','33',0,1,'2016-04-05 21:38:51.563'),
('A102_0_129','神通','A102','33',0,1,'2016-04-05 21:38:51.57'),
('A102_0_130','那珂','A102','33',0,1,'2016-04-05 21:38:51.573'),
('A102_0_131','晓','A102','37',0,1,'2016-04-05 21:38:51.577'),
('A102_0_132','响','A102','37',0,1,'2016-04-05 21:38:51.58'),
('A102_0_133','雷','A102','37',0,1,'2016-04-05 21:38:51.58'),
('A102_0_134','电','A102','37',0,1,'2016-04-05 21:38:51.583'),
('A102_0_135','北上','A102','183',0,1,'2016-04-05 21:38:51.583'),
('A102_0_136','大井','A102','183',0,1,'2016-04-05 21:38:51.587'),
('A102_0_137','赤城','A102','193',0,1,'2016-04-05 21:38:51.587'),
('A102_0_138','加贺','A102','13',0,1,'2016-04-05 21:38:51.59'),
('A102_0_139','金刚','A102','147',0,1,'2016-04-05 21:38:51.593'),
('A102_0_140','比叡','A102','147',0,1,'2016-04-05 21:38:51.6'),
('A102_0_141','榛名','A102','147',0,1,'2016-04-05 21:38:51.6'),
('A102_0_142','雾岛','A102','147',0,1,'2016-04-05 21:38:51.6'),
('A102_0_143','翔鹤','A102','194',0,1,'2016-04-05 21:38:51.603'),
('A102_0_144','瑞鹤','A102','194',0,1,'2016-04-05 21:38:51.603'),
('A102_0_145','夕张','A102','195',0,1,'2016-04-05 21:38:51.607'),
('A102_0_146','大淀','A102','3',0,1,'2016-04-05 21:38:51.607'),
('A102_0_147','苍龙','A102','53',0,1,'2016-04-05 21:38:51.61'),
('A102_0_148','飞龙','A102','53',0,1,'2016-04-05 21:38:51.61'),
('A102_0_149','如月','A102','191',0,1,'2016-04-05 21:38:51.613'),
('A102_0_150','弥生','A102','191',0,1,'2016-04-05 21:38:51.62'),
('A102_0_151','望月','A102','191',0,1,'2016-04-05 21:38:51.62'),
('A102_0_152','白露','A102','192',0,1,'2016-04-05 21:38:51.623'),
('A102_0_153','时雨','A102','192',0,1,'2016-04-05 21:38:51.623'),
('A102_0_154','村雨','A102','192',0,1,'2016-04-05 21:38:51.627'),
('A102_0_155','球磨','A102','33',0,1,'2016-04-05 21:38:51.627'),
('A102_0_156','多摩','A102','33',0,1,'2016-04-05 21:38:51.63'),
('A102_0_157','长门','A102','33',0,1,'2016-04-05 21:38:51.63'),
('A102_0_158','陆奥','A102','33',0,1,'2016-04-05 21:38:51.63'),
('A102_0_159','最上','A102','37',0,1,'2016-04-05 21:38:51.637'),
('A102_0_160','凤翔','A102','37',0,1,'2016-04-05 21:38:51.64'),
('A102_0_161','那智','A102','165',0,1,'2016-04-05 21:38:51.643'),
('A102_0_162','足柄','A102','165',0,1,'2016-04-05 21:38:51.643'),
('A102_0_163','羽黑','A102','165',0,1,'2016-04-05 21:38:51.647'),
('A102_0_164','间宫','A102','67',0,1,'2016-04-05 21:38:51.647'),
('A102_0_165','大和','A102','101',0,1,'2016-04-05 21:38:51.65'),
('A102_0_166','大凤','A102','4',0,1,'2016-04-05 21:38:51.65'),
('A102_1_013','吹雪','A102','53',1,1,'2016-04-05 21:38:51.557'),
('A102_1_014','睦月','A102','191',1,1,'2016-04-05 21:38:51.56'),
('A102_1_015','夕立','A102','192',1,1,'2016-04-05 21:38:51.56'),
('A103_1_001','町子凉','A103','6',1,1,'2016-01-26 21:48:40.28'),
('A103_1_002','森野麒麟','A103','178',1,1,'2016-01-26 21:48:40.28'),
('A103_1_003','椎名','A103','179',1,1,'2016-01-26 21:48:40.28'),
('A104_0_001','八坂冰见','A104','174',0,1,'2016-01-26 21:48:40.28'),
('A104_0_002','射水明日绯','A104','175',0,1,'2016-01-26 21:48:40.28'),
('A104_0_003','凑川贞松','A104','176',0,1,'2016-01-26 21:48:40.28'),
('A104_0_004','九头龙京摩','A104','177',0,1,'2016-01-26 21:48:40.28'),
('A104_0_005','藤白乙音','A104','48',0,1,'2016-01-26 21:48:40.28'),
('A104_1_001','一宫绘瑠奈','A104','170',1,1,'2016-01-26 21:48:40.28'),
('A104_1_002','二宫时雨','A104','171',1,1,'2016-01-26 21:48:40.28'),
('A104_1_003','毕咪','A104','172',1,1,'2016-01-26 21:48:40.28'),
('A104_1_004','御神乐星锁','A104','173',1,1,'2016-01-26 21:48:40.28'),
('A105_0_010','后藤卓也','A105','60',0,1,'2016-01-26 21:48:40.28'),
('A105_0_011','长濑梨子','A105','61',0,1,'2016-01-26 21:48:40.28'),
('A105_0_012','中川夏纪','A105','62',0,1,'2016-01-26 21:48:40.28'),
('A105_0_013','吉川优子','A105','63',0,1,'2016-01-26 21:48:40.28'),
('A105_0_014','田中明日香','A105','11',0,1,'2016-01-26 21:48:40.28'),
('A105_0_015','小笠原晴香','A105','64',0,1,'2016-01-26 21:48:40.28'),
('A105_0_016','中世古香织','A105','8',0,1,'2016-01-26 21:48:40.28'),
('A105_0_017','斋藤葵','A105','65',0,1,'2016-01-26 21:48:40.28'),
('A105_0_018','泷昇','A105','66',0,1,'2016-01-26 21:48:40.28'),
('A105_1_006','黄前久美子','A105','55',1,1,'2016-01-26 21:48:40.28'),
('A105_1_007','加藤叶月','A105','56',1,1,'2016-01-26 21:48:40.28'),
('A105_1_008','川岛绿辉','A105','57',1,1,'2016-01-26 21:48:40.28'),
('A105_1_009','高坂丽奈','A105','58',1,1,'2016-01-26 21:48:40.28'),
('A105_1_010','塚本秀一','A105','59',1,1,'2016-01-26 21:48:40.28'),
('A106_1_011','希安','A106','52',1,1,'2016-02-26 00:16:40.157'),
('A106_1_012','秋秋','A106','53',1,1,'2016-02-26 00:16:40.157'),
('A106_1_013','莫亚','A106','33',1,1,'2016-02-26 00:16:40.157'),
('A106_1_014','莱特利','A106','54',1,1,'2016-02-26 00:16:40.16'),
('A107_1_001','小桥若叶','A107','48',1,1,'2016-01-26 21:48:40.28'),
('A107_1_002','时田萌子','A107','49',1,1,'2016-01-26 21:48:40.28'),
('A107_1_003','黑川真鱼','A107','50',1,1,'2016-01-26 21:48:40.28'),
('A107_1_004','真柴直','A107','51',1,1,'2016-01-26 21:48:40.28'),
('A108_0_001','绀野葵','A108','47',0,1,'2016-01-26 21:48:40.28'),
('A108_0_002','汐留光','A108','5',0,1,'2016-01-26 21:48:40.28'),
('A108_1_001','一之濑双叶','A108','44',1,1,'2016-01-26 21:48:40.28'),
('A108_1_002','小花铃','A108','45',1,1,'2016-01-26 21:48:40.28'),
('A108_1_003','萌咲莓','A108','46',1,1,'2016-01-26 21:48:40.28'),
('A109_1_011','土间埋','A109','39',1,1,'2016-01-26 21:48:40.28'),
('A109_1_012','土间太平','A109','40',1,1,'2016-01-26 21:48:40.28'),
('A109_1_013','海老名菜菜','A109','41',1,1,'2016-01-26 21:48:40.28'),
('A109_1_014','橘·希尔芬福特','A109','42',1,1,'2016-01-26 21:48:40.28'),
('A109_1_015','本场切绘','A109','43',1,1,'2016-01-26 21:48:40.28'),
('A110_1_001','洲崎绫','A110','37',1,1,'2016-01-26 21:48:40.28'),
('A110_1_002','西明日香','A110','38',1,1,'2016-01-26 21:48:40.28'),
('A111_1_001','乙坂有宇','A111','32',1,1,'2016-01-26 21:48:40.28'),
('A111_1_002','友利奈绪','A111','33',1,1,'2016-01-26 21:48:40.28'),
('A111_1_003','高城丈士朗','A111','34',1,1,'2016-01-26 21:48:40.28'),
('A111_1_004','西森柚咲','A111','35',1,1,'2016-01-26 21:48:40.28'),
('A111_1_005','乙坂步未','A111','36',1,1,'2016-01-26 21:48:40.28'),
('A112_1_030','神乐坂公人','A112','26',1,1,'2016-01-30 11:59:12.33'),
('A112_1_031','天空桥爱佳','A112','27',1,1,'2016-01-30 11:59:12.33'),
('A112_1_032','有栖川丽子','A112','28',1,1,'2016-01-30 11:59:12.33'),
('A112_1_033','汐留白亚','A112','29',1,1,'2016-01-30 11:59:12.33'),
('A112_1_034','神领可怜','A112','30',1,1,'2016-01-30 11:59:12.33'),
('A112_1_035','花江惠理','A112','31',1,1,'2016-01-30 11:59:12.33'),
('A113_1_016','鹿田九','A113','12',1,1,'2016-03-27 18:07:47.92'),
('A113_1_017','枝垂萤','A113','101',1,1,'2016-03-27 18:07:47.92'),
('A113_1_018','鹿田洋','A113','189',1,1,'2016-03-27 18:07:47.92'),
('A113_1_019','远藤豆','A113','190',1,1,'2016-03-27 18:07:47.92'),
('A113_1_020','远藤沙耶','A113','54',1,1,'2016-03-27 18:07:47.92'),
('A114_0_001','艾莉丝','A114','174',0,1,'2016-04-10 22:46:59.52'),
('A114_0_002','维兹','A114','67',0,1,'2016-04-10 22:46:59.52'),
('A114_1_009','佐藤和真','A114','247',1,1,'2016-04-10 22:46:59.507'),
('A114_1_010','阿克娅','A114','248',1,1,'2016-04-10 22:46:59.51'),
('A114_1_011','惠惠','A114','44',1,1,'2016-04-10 22:46:59.513'),
('A114_1_012','达克妮丝','A114','169',1,1,'2016-04-10 22:46:59.517'),
('A115_0_001','小平老师','A115','31',0,1,'2016-04-07 23:33:01.907'),
('A115_1_001','花小泉杏','A115','280',1,1,'2016-04-07 23:33:01.9'),
('A115_1_002','云雀丘瑠璃','A115','43',1,1,'2016-04-07 23:33:01.9'),
('A115_1_003','久米川牡丹','A115','281',1,1,'2016-04-07 23:33:01.9'),
('A115_1_004','萩生响','A115','282',1,1,'2016-04-07 23:33:01.903'),
('A115_1_005','江古田莲','A115','283',1,1,'2016-04-07 23:33:01.903'),
('A116_0_001','山路充嗣','A116','289',0,1,'2016-04-11 01:04:57.56'),
('A116_0_002','西山琴奈','A116','294',0,1,'2016-04-11 01:04:57.56'),
('A116_0_003','近藤亚纱子','A116','244',0,1,'2016-04-11 01:04:57.56'),
('A116_1_001','西川叶子','A116','291',1,1,'2016-04-11 01:04:57.553'),
('A116_1_002','小田切双叶','A116','292',1,1,'2016-04-11 01:04:57.557'),
('A116_1_003','叶山照','A116','293',1,1,'2016-04-11 01:04:57.557');


INSERT INTO T_COMPANY_TBL
           (COMPANY_ID
           ,COMPANY_NAME
           ,ENABLE_FLG
           ,LAST_UPDATE_DATETIME)
     VALUES
('1','童梦',1,'2016-01-26 21:48:40.283'),
('2','Mediaworks',1,'2016-01-26 21:48:40.283'),
('3','ZEXCS',1,'2016-01-26 21:48:40.283'),
('4','Asread',1,'2016-01-26 21:48:40.283'),
('5','feel.',1,'2016-01-26 21:48:40.283'),
('6','test',1,'2016-01-26 21:48:40.283'),
('7','NOMAD',1,'2016-01-26 21:48:40.283'),
('8','J.C.STAFF',1,'2016-01-26 21:48:40.283'),
('9','京都动画',1,'2016-01-26 21:48:40.283'),
('10','SILVER LINK.',1,'2016-01-26 21:48:40.283'),
('11','P.A. Works',1,'2016-01-26 21:48:40.283'),
('12','动画工房',1,'2016-01-26 21:48:40.283'),
('13','GONZO',1,'2016-01-26 21:48:40.283'),
('14','Nexus',1,'2016-01-26 21:48:40.283'),
('15','BONES',1,'2016-01-26 21:48:40.283'),
('16','Studio Deen',1,'2016-01-26 21:48:40.283'),
('17','Ordet',1,'2016-01-26 21:48:40.283'),
('18','Brainnulls Base',1,'2016-01-26 21:48:40.283'),
('19','Madhouse',1,'2016-01-26 21:48:40.283'),
('20','SATELIGHT',1,'2016-01-26 21:48:40.283'),
('21','Synergy SP',1,'2016-01-26 21:48:40.283'),
('22','Manglobe',1,'2016-01-26 21:48:40.283'),
('23','Studio五组',1,'2016-01-26 21:48:40.283'),
('24','Kinema Citrus',1,'2016-01-26 21:48:40.283'),
('25','GONZO×AIC',1,'2016-01-26 21:48:40.283'),
('26','WHITE FOX',1,'2016-01-26 21:48:40.283'),
('27','Kinema Citrus×WHITE FOX',1,'2016-01-26 21:48:40.283'),
('28','SHAFT',1,'2016-01-26 21:48:40.283'),
('29','Seven',1,'2016-01-27 00:13:46.577'),
('30','Diomedéa',1,'2016-01-31 22:08:16.36'),
('31','SHIN-EI动画',1,'2016-01-31 22:29:46.617'),
('32','Hoods Entertainment',1,'2016-01-31 22:34:45.92'),
('33','TRIGGER',1,'2016-01-31 22:41:50.14'),
('34','旭Production',1,'2016-01-31 22:45:40.483'),
('35','SUNRISE',1,'2016-01-31 23:25:43.877'),
('36','Lerche',1,'2016-02-25 23:56:43.16'),
('37','AIC PLUS+',1,'2016-02-26 00:01:08.807'),
('38','Production IMS',1,'2016-02-26 00:01:08.807'),
('39','charaction',1,'2016-04-05 23:21:53.15'),
('40','动画',1,'2016-04-05 23:41:25.98'),
('41','AIC Classic',1,'2016-04-06 00:13:27.713'),
('42','AIC',1,'2016-04-06 00:37:51.55'),
('43','DLE',1,'2016-04-06 00:43:02.023'),
('44','SoftBank Creative',1,'2016-04-06 00:43:02.027'),
('45','XEBEC',1,'2016-04-06 00:43:02.03'),
('46','A-1 Pictures',1,'2016-04-10 23:57:44.673'),
('47','アクタス',1,'2016-04-10 23:59:47.59'),
('48','GoHands',1,'2016-04-11 01:20:16.087');

INSERT INTO T_CV_TBL
           (CV_ID
           ,CV_NAME
           ,CV_GENDER
           ,CV_BIRTH
           ,CV_OFFICE_ID
           ,ENABLE_FLG
           ,LAST_UPDATE_DATETIME)
     VALUES
('1','千叶纱子','F',null,null,1,'2016-04-06 00:47:17.51'),
('2','折笠富美子','F',null,null,1,'2016-04-06 00:47:17.607'),
('3','川澄绫子','F',null,null,1,'2016-04-06 00:47:17.427'),
('4','能登麻美子','F',null,null,1,'2016-04-06 00:47:17.503'),
('5','生天目仁美','F',null,null,1,'2016-04-06 00:47:17.537'),
('6','佐藤利奈','F','1981-05-02',null,1,'2016-04-06 00:47:17.62'),
('7','井上麻里奈','F',null,null,1,'2016-04-06 00:47:17.483'),
('8','茅原实里','F',null,null,1,'2016-04-06 00:47:17.493'),
('9','野中蓝','F',null,null,1,'2016-04-06 00:47:17.587'),
('10','户松遥','F',null,null,1,'2016-04-06 00:47:17.467'),
('11','寿美菜子','F',null,null,1,'2016-04-06 00:47:17.543'),
('12','阿部敦','M',null,null,1,'2016-04-06 00:47:17.41'),
('13','井口裕香','F',null,null,1,'2016-04-06 00:47:17.48'),
('14','冈本信彦','M',null,null,1,'2016-04-06 00:47:17.45'),
('15','新井里美','F',null,null,1,'2016-04-06 00:47:17.58'),
('16','丰崎爱生','F','1986-10-28',null,1,'2016-04-06 00:47:17.443'),
('17','伊藤加奈惠','F',null,null,1,'2016-04-06 00:47:17.59'),
('18','胜杏里',null,null,null,1,'2016-04-06 00:47:17.537'),
('19','川原庆久',null,null,null,1,'2016-04-06 00:47:17.43'),
('20','藤村步',null,null,null,1,'2016-04-06 00:47:17.553'),
('21','古山贵实子',null,null,null,1,'2016-04-06 00:47:17.46'),
('22','南条爱乃',null,null,null,1,'2016-04-06 00:47:17.5'),
('23','浅仓杏美',null,null,null,1,'2016-04-06 00:47:17.513'),
('24','谷山纪章',null,null,null,1,'2016-04-06 00:47:17.46'),
('25','伊藤静',null,null,null,1,'2016-04-06 00:47:17.59'),
('26','田丸笃志',null,null,null,1,'2016-04-06 00:47:17.557'),
('27','芹泽优',null,null,null,1,'2016-04-06 00:47:17.513'),
('28','立花理香',null,null,null,1,'2016-04-06 00:47:17.49'),
('29','桑原由气',null,null,null,1,'2016-04-06 00:47:17.523'),
('30','森永千才',null,null,null,1,'2016-04-06 00:47:17.527'),
('31','原由实',null,null,null,1,'2016-04-06 00:47:17.6'),
('32','内山昂辉',null,null,null,1,'2016-04-06 00:47:17.5'),
('33','佐仓绫音','F','1994-01-29',null,1,'2016-04-06 00:47:17.617'),
('34','水岛大宙',null,null,null,1,'2016-04-06 00:47:17.543'),
('35','内田真礼',null,null,null,1,'2016-04-06 00:47:17.5'),
('36','麻仓桃',null,null,null,1,'2016-04-06 00:47:17.49'),
('37','洲崎绫',null,null,null,1,'2016-04-06 00:47:17.613'),
('38','西明日香',null,null,null,1,'2016-04-06 00:47:17.563'),
('39','田中爱美',null,null,null,1,'2016-04-06 00:47:17.56'),
('40','野岛健儿',null,null,null,1,'2016-04-06 00:47:17.587'),
('41','影山灯',null,null,null,1,'2016-04-06 00:47:17.59'),
('42','古川由利奈',null,null,null,1,'2016-04-06 00:47:17.457'),
('43','白石晴香',null,null,null,1,'2016-04-06 00:47:17.417'),
('44','高桥李依',null,null,null,1,'2016-04-06 00:47:17.453'),
('45','高野麻里佳',null,null,null,1,'2016-04-06 00:47:17.453'),
('46','长久友纪',null,null,null,1,'2016-04-06 00:47:17.423'),
('47','古木望',null,null,null,1,'2016-04-06 00:47:17.457'),
('48','小泽亚李',null,null,null,1,'2016-04-06 00:47:17.58'),
('49','井泽美香子',null,null,null,1,'2016-04-06 00:47:17.483'),
('50','M·A·O','F','1992-02-01',null,1,'2016-04-06 00:47:17.41'),
('51','村川梨衣',null,null,null,1,'2016-04-06 00:47:17.43'),
('52','稻川英里',null,null,null,1,'2016-04-06 00:47:17.437'),
('53','上坂堇',null,null,null,1,'2016-04-06 00:47:17.533'),
('54','沼仓爱美',null,null,null,1,'2016-04-06 00:47:17.603'),
('55','黑泽朋世',null,null,null,1,'2016-04-06 00:47:17.463'),
('56','朝井彩加',null,null,null,1,'2016-04-06 00:47:17.427'),
('57','丰田萌绘',null,null,null,1,'2016-04-06 00:47:17.443'),
('58','安济知佳',null,null,null,1,'2016-04-06 00:47:17.413'),
('59','石谷春贵',null,null,null,1,'2016-04-06 00:47:17.54'),
('60','津田健次郎',null,null,null,1,'2016-04-06 00:47:17.477'),
('61','小堀幸',null,null,null,1,'2016-04-06 00:47:17.57'),
('62','藤村鼓乃美','F',null,null,1,'2016-04-06 00:47:17.553'),
('63','山冈百合','F',null,null,1,'2016-04-06 00:47:17.53'),
('64','早见沙织','F',null,null,1,'2016-04-06 00:47:17.6'),
('65','日笠阳子','F',null,null,1,'2016-04-06 00:47:17.52'),
('66','樱井孝宏','M',null,null,1,'2016-04-06 00:47:17.59'),
('67','堀江由衣',null,null,null,1,'2016-04-06 00:47:17.487'),
('68','久川绫',null,null,null,1,'2016-04-06 00:47:17.487'),
('69','关智一',null,null,null,1,'2016-04-06 00:47:17.46'),
('70','置鲇龙太郎',null,null,null,1,'2016-04-06 00:47:17.607'),
('71','今井由香',null,null,null,1,'2016-04-06 00:47:17.473'),
('72','安原丽子',null,null,null,1,'2016-04-06 00:47:17.413'),
('73','平野绫',null,null,null,1,'2016-04-06 00:47:17.507'),
('74','加藤英美里',null,null,null,1,'2016-04-06 00:47:17.47'),
('75','福原香织',null,null,null,1,'2016-04-06 00:47:17.45'),
('76','远藤绫',null,null,null,1,'2016-04-06 00:47:17.6'),
('77','水原薫',null,null,null,1,'2016-04-06 00:47:17.547'),
('78','相泽舞',null,null,null,1,'2016-04-06 00:47:17.57'),
('79','长谷川静香',null,null,null,1,'2016-04-06 00:47:17.423'),
('80','清水香里',null,null,null,1,'2016-04-06 00:47:17.517'),
('81','佐佐木望',null,null,null,1,'2016-04-06 00:47:17.62'),
('82','前田このみ',null,null,null,1,'2016-04-06 00:47:17.51'),
('83','西原さおり',null,null,null,1,'2016-04-06 00:47:17.563'),
('84','平松广和',null,null,null,1,'2016-04-06 00:47:17.507'),
('85','岛本须美',null,null,null,1,'2016-04-06 00:47:17.437'),
('86','今野宏美',null,null,null,1,'2016-04-06 00:47:17.477'),
('87','白石稔',null,null,null,1,'2016-04-06 00:47:17.42'),
('88','间岛淳司',null,null,null,1,'2016-04-06 00:47:17.473'),
('89','钉宫理惠','F','1987-05-30',null,1,'2016-04-06 00:47:17.44'),
('90','野岛裕史',null,null,null,1,'2016-04-06 00:47:17.587'),
('91','喜多村英梨',null,null,null,1,'2016-04-06 00:47:17.567'),
('92','甲斐田裕子',null,null,null,1,'2016-04-06 00:47:17.47'),
('93','田中理惠',null,null,null,1,'2016-04-06 00:47:17.56'),
('94','大原沙耶香',null,null,null,1,'2016-04-06 00:47:17.433'),
('95','神谷浩史',null,null,null,1,'2016-04-06 00:47:17.533'),
('96','井上和彦',null,null,null,1,'2016-04-06 00:47:17.48'),
('97','小林沙苗',null,null,null,1,'2016-04-06 00:47:17.573'),
('98','石田彰',null,null,null,1,'2016-04-06 00:47:17.54'),
('99','堀江一真',null,null,null,1,'2016-04-06 00:47:17.487'),
('100','佐藤聪美',null,null,null,1,'2016-04-06 00:47:17.62'),
('101','竹达彩奈',null,null,null,1,'2016-04-06 00:47:17.613'),
('102','真田麻美',null,null,null,1,'2016-04-06 00:47:17.607'),
('103','米泽圆',null,null,null,1,'2016-04-06 00:47:17.493'),
('104','藤东知夏',null,null,null,1,'2016-04-06 00:47:17.553'),
('105','永田依子',null,null,null,1,'2016-04-06 00:47:17.593'),
('106','兴梠里美',null,null,null,1,'2016-04-06 00:47:17.583'),
('107','小樱悦子',null,null,null,1,'2016-04-06 00:47:17.58'),
('108','杉田智和',null,null,null,1,'2016-04-06 00:47:17.53'),
('109','后藤邑子',null,null,null,1,'2016-04-06 00:47:17.463'),
('110','小野大辅',null,null,null,1,'2016-04-06 00:47:17.577'),
('111','桑谷夏子',null,null,null,1,'2016-04-06 00:47:17.523'),
('112','松冈由贵',null,null,null,1,'2016-04-06 00:47:17.547'),
('113','青木静香',null,null,null,1,'2016-04-06 00:47:17.513'),
('114','白石凉子',null,null,null,1,'2016-04-06 00:47:17.417'),
('115','高桥美佳子',null,null,null,1,'2016-04-06 00:47:17.453'),
('116','山崎遥',null,null,null,1,'2016-04-06 00:47:17.53'),
('117','三宅健太',null,null,null,1,'2016-04-06 00:47:17.523'),
('118','小杉十郎太',null,null,null,1,'2016-04-06 00:47:17.573'),
('119','阿澄佳奈','F','1983-08-12',null,1,'2016-04-06 00:47:17.413'),
('120','植田佳奈',null,null,null,1,'2016-04-06 00:47:17.607'),
('121','松来未祐',null,null,null,1,'2016-04-06 00:47:17.55'),
('122','中岛沙树',null,null,null,1,'2016-04-06 00:47:17.61'),
('123','矢作纱友里',null,null,null,1,'2016-04-06 00:47:17.54'),
('124','中尾衣里',null,null,null,1,'2016-04-06 00:47:17.61'),
('125','浅野真澄',null,null,null,1,'2016-04-06 00:47:17.513'),
('126','小清水亚美',null,null,null,1,'2016-04-06 00:47:17.573'),
('127','福山润',null,null,null,1,'2016-04-06 00:47:17.45'),
('128','清水爱',null,null,null,1,'2016-04-06 00:47:17.517'),
('129','大桥步夕',null,null,null,1,'2016-04-06 00:47:17.433'),
('130','森永理科',null,null,null,1,'2016-04-06 00:47:17.527'),
('131','神崎ちろ',null,null,null,1,'2016-04-06 00:47:17.537'),
('132','又吉爱',null,null,null,1,'2016-04-06 00:47:17.593'),
('133','斋贺光希',null,null,null,1,'2016-04-06 00:47:17.603'),
('134','七泽心',null,null,null,1,'2016-04-06 00:47:17.507'),
('135','新谷良子',null,null,null,1,'2016-04-06 00:47:17.58'),
('136','斋藤桃子',null,null,null,1,'2016-04-06 00:47:17.603'),
('137','小林优',null,null,null,1,'2016-04-06 00:47:17.573'),
('138','中原麻衣',null,null,null,1,'2016-04-06 00:47:17.61'),
('139','丰口惠',null,null,null,1,'2016-04-06 00:47:17.443'),
('140','斋藤千和',null,null,null,1,'2016-04-06 00:47:17.603'),
('141','小仓唯',null,null,null,1,'2016-04-06 00:47:17.57'),
('142','石原夏织',null,null,null,1,'2016-04-06 00:47:17.54'),
('143','能登有沙',null,null,null,1,'2016-04-06 00:47:17.503'),
('144','松永真穗',null,null,null,1,'2016-04-06 00:47:17.55'),
('145','三泽纱千香',null,null,null,1,'2016-04-06 00:47:17.523'),
('146','悠木碧',null,null,null,1,'2016-04-06 00:47:17.593'),
('147','东山奈央','F','1992-03-11',null,1,'2016-04-06 00:47:17.44'),
('148','花泽香菜',null,null,null,1,'2016-04-06 00:47:17.467'),
('149','MAKO','F','1986-10-07',null,1,'2016-04-06 00:47:17.41'),
('150','内山夕实',null,null,null,1,'2016-04-06 00:47:17.5'),
('151','进藤尚美',null,null,null,1,'2016-04-06 00:47:17.48'),
('152','日野聪',null,null,null,1,'2016-04-06 00:47:17.52'),
('153','井上奈奈子',null,null,null,1,'2016-04-06 00:47:17.483'),
('154','猪口有佳',null,null,null,1,'2016-04-06 00:47:17.613'),
('155','朴璐美',null,null,null,1,'2016-04-06 00:47:17.507'),
('156','福井裕佳梨',null,null,null,1,'2016-04-06 00:47:17.447'),
('157','泽城美雪',null,null,null,1,'2016-04-06 00:47:17.6'),
('158','坂本真綾','F','1980-03-31',null,1,'2016-04-06 00:47:17.42'),
('159','桃井晴子',null,null,null,1,'2016-04-06 00:47:17.55'),
('160','野川樱',null,null,null,1,'2016-04-06 00:47:17.583'),
('161','矢部雅史',null,null,null,1,'2016-04-06 00:47:17.54'),
('162','江原正士',null,null,null,1,'2016-04-06 00:47:17.473'),
('163','岩田光央',null,null,null,1,'2016-04-06 00:47:17.583'),
('164','水濑祈','F',null,null,1,'2016-04-06 00:47:17.543'),
('165','种田梨沙','F',null,null,1,'2016-04-06 00:47:17.61'),
('166','清川元梦',null,null,null,1,'2016-04-06 00:47:17.517'),
('167','速水奖','F',null,null,1,'2016-04-06 00:47:17.55'),
('168','德井青空','F',null,null,1,'2016-04-06 00:47:17.44'),
('169','茅野爱衣','F',null,null,1,'2016-04-06 00:47:17.493'),
('170','木村珠莉',null,null,null,1,'2016-04-06 00:47:17.497'),
('171','岛崎信长',null,null,null,1,'2016-04-06 00:47:17.437'),
('172','花江夏树',null,null,null,1,'2016-04-06 00:47:17.467'),
('173','大西沙织',null,null,null,1,'2016-04-06 00:47:17.433'),
('174','诹访彩花','F','1988-05-27',null,1,'2016-04-06 00:47:17.617'),
('175','加隈亚衣',null,null,null,1,'2016-04-06 00:47:17.47'),
('176','古川慎',null,null,null,1,'2016-04-06 00:47:17.457'),
('177','细谷佳正',null,null,null,1,'2016-04-06 00:47:17.567'),
('178','大龟明日香',null,null,null,1,'2016-04-06 00:47:17.43'),
('179','小松未可子',null,null,null,1,'2016-04-06 00:47:17.577'),
('180','上田丽奈',null,null,null,1,'2016-04-06 00:47:17.533'),
('181','田中美海',null,null,null,1,'2016-04-06 00:47:17.56'),
('182','奥野香耶','F',null,null,1,'2016-04-06 00:47:17.417'),
('183','大坪由佳','F','1993-06-11',null,1,'2016-04-06 00:47:17.433'),
('184','堀野纱也加',null,null,null,1,'2016-04-06 00:47:17.49'),
('185','藤本葵',null,null,null,1,'2016-04-06 00:47:17.553'),
('186','长弘翔子',null,null,null,1,'2016-04-06 00:47:17.423'),
('187','原田瞳',null,null,null,1,'2016-04-06 00:47:17.6'),
('188','山崎惠理',null,null,null,1,'2016-04-06 00:47:17.53'),
('189','藤原启治',null,null,null,1,'2016-04-06 00:47:17.557'),
('190','铃木达央',null,null,null,1,'2016-04-06 00:47:17.49'),
('191','日高里菜',null,null,null,1,'2016-04-06 00:47:17.517'),
('192','谷边由美',null,null,null,1,'2016-04-06 00:47:17.46'),
('193','藤田咲',null,null,null,1,'2016-04-06 00:47:17.557'),
('194','野水伊织',null,null,null,1,'2016-04-06 00:47:17.587'),
('195','布莱德库特·莎拉·惠美',null,null,null,1,'2016-04-06 00:47:17.423'),
('196','江口拓也',null,null,null,1,'2016-04-06 00:47:17.473'),
('197','柚木凉香',null,null,null,1,'2016-04-06 00:47:17.593'),
('198','桧山修之',null,null,null,1,'2016-04-06 00:47:17.47'),
('199','近藤隆',null,null,null,1,'2016-04-06 00:47:17.48'),
('200','堀井茶渡',null,null,null,1,'2016-04-06 00:47:17.487'),
('201','逢坂良太',null,null,null,1,'2016-04-06 00:47:17.447'),
('202','松冈祯丞',null,null,null,1,'2016-04-06 00:47:17.55'),
('203','高森奈津美',null,null,null,1,'2016-04-06 00:47:17.453'),
('204','津田美波',null,null,null,1,'2016-04-06 00:47:17.48'),
('205','富田贵洋',null,null,null,1,'2016-04-06 00:47:17.45'),
('206','齐藤佑圭',null,null,null,1,'2016-04-06 00:47:17.51'),
('207','山本希望',null,null,null,1,'2016-04-06 00:47:17.527'),
('208','仙台惠理',null,null,null,1,'2016-04-06 00:47:17.567'),
('209','种崎敦美',null,null,null,1,'2016-04-06 00:47:17.61'),
('210','森久保祥太郎',null,null,null,1,'2016-04-06 00:47:17.523'),
('211','柏木美优',null,null,null,1,'2016-04-06 00:47:17.42'),
('212','瑞泽溪',null,null,null,1,'2016-04-06 00:47:17.52'),
('213','藤井幸代',null,null,null,1,'2016-04-06 00:47:17.557'),
('214','相坂优歌',null,null,null,1,'2016-04-06 00:47:17.57'),
('215','三上枝织',null,null,null,1,'2016-04-06 00:47:17.52'),
('216','山下七海',null,null,null,1,'2016-04-06 00:47:17.53'),
('217','摩天楼由香',null,null,null,1,'2016-04-06 00:47:17.497'),
('218','小野早稀',null,null,null,1,'2016-04-06 00:47:17.577'),
('219','东城日沙子',null,null,null,1,'2016-04-06 00:47:17.44'),
('220','赤崎千夏',null,null,null,1,'2016-04-06 00:47:17.427'),
('221','内匠靖明',null,null,null,1,'2016-04-06 00:47:17.5'),
('222','新田日和',null,null,null,1,'2016-04-06 00:47:17.583'),
('223','前田玲奈',null,null,null,1,'2016-04-06 00:47:17.51'),
('224','中村悠一',null,null,null,1,'2016-04-06 00:47:17.61'),
('225','小野友树',null,null,null,1,'2016-04-06 00:47:17.577'),
('226','木村良平',null,null,null,1,'2016-04-06 00:47:17.497'),
('227','田中真奈美',null,null,null,1,'2016-04-06 00:47:17.56'),
('228','田村由香里',null,null,null,1,'2016-04-06 00:47:17.557'),
('229','潘惠美',null,null,null,1,'2016-04-06 00:47:17.503'),
('230','新田惠海',null,null,null,1,'2016-04-06 00:47:17.58'),
('231','内田彩',null,null,null,1,'2016-04-06 00:47:17.5'),
('232','三森铃子',null,null,null,1,'2016-04-06 00:47:17.52'),
('233','饭田里穗',null,null,null,1,'2016-04-06 00:47:17.443'),
('234','Pile','F','1988-05-02',null,1,'2016-04-06 00:47:17.41'),
('235','楠田亚衣奈',null,null,null,1,'2016-04-06 00:47:17.503'),
('236','久保由利香',null,null,null,1,'2016-04-06 00:47:17.483'),
('237','伊波杏树',null,null,null,1,'2016-04-06 00:47:17.59'),
('238','逢田梨香子',null,null,null,1,'2016-04-06 00:47:17.447'),
('239','诹访ななか',null,null,null,1,'2016-04-06 00:47:17.617'),
('240','小宫有纱',null,null,null,1,'2016-04-06 00:47:17.57'),
('241','齐藤朱夏',null,null,null,1,'2016-04-06 00:47:17.51'),
('242','小林爱香',null,null,null,1,'2016-04-06 00:47:17.57'),
('243','高槻かなこ',null,null,null,1,'2016-04-06 00:47:17.453'),
('244','铃木爱奈',null,null,null,1,'2016-04-06 00:47:17.49'),
('245','降幡爱',null,null,null,1,'2016-04-06 00:47:17.473'),
('246','麦人',null,null,null,1,'2016-04-06 00:47:17.493'),
('247','福岛润',null,null,null,1,'2016-04-06 00:47:17.447'),
('248','雨宫天',null,null,null,1,'2016-04-06 00:47:17.597'),
('249','梶裕贵',null,null,null,1,'2016-04-06 00:47:17.56'),
('250','小岩井小鸟',null,null,null,1,'2016-04-06 00:47:17.577'),
('251','五十岚裕美',null,null,null,1,'2016-04-06 00:47:17.563'),
('252','渊上舞',null,null,null,1,'2016-04-06 00:47:17.597'),
('253','户田惠',null,null,null,1,'2016-04-06 00:47:17.467'),
('254','下野紘',null,null,null,1,'2016-04-06 00:47:17.567'),
('255','富樫美铃',null,null,null,1,'2016-04-06 00:47:17.45'),
('256','子安武人',null,null,null,1,'2016-04-06 00:47:17.617'),
('257','味里',null,null,null,1,'2016-04-06 00:47:17.563'),
('258','寺川爱美',null,null,null,1,'2016-04-06 00:47:17.547'),
('259','大久保瑠美',null,null,null,1,'2016-04-06 00:47:17.43'),
('260','山崎巧',null,null,null,1,'2016-04-06 00:47:17.53'),
('261','金子有希',null,null,null,1,'2016-04-06 00:47:17.477'),
('262','长妻树里',null,null,null,1,'2016-04-06 00:47:17.427'),
('263','宫本侑芽',null,null,null,1,'2016-04-06 00:47:17.457'),
('264','荒川千佳',null,null,null,1,'2016-04-06 00:47:17.47'),
('265','木户衣吹',null,null,null,1,'2016-04-06 00:47:17.497'),
('266','诸星堇',null,null,null,1,'2016-04-06 00:47:17.613'),
('267','葵若菜',null,null,null,1,'2016-04-06 00:47:17.49'),
('268','恒松步',null,null,null,1,'2016-04-06 00:47:17.463'),
('269','保志总一朗',null,null,null,1,'2016-04-06 00:47:17.423'),
('270','伊濑茉莉也',null,null,null,1,'2016-04-06 00:47:17.59'),
('271','村井理沙子',null,null,null,1,'2016-04-06 00:47:17.43'),
('272','月宫绿',null,null,null,1,'2016-04-06 00:47:17.6'),
('273','名塚佳织',null,null,null,1,'2016-04-06 00:47:17.493'),
('274','金元寿子',null,null,null,1,'2016-04-06 00:47:17.477'),
('275','寺岛拓笃',null,null,null,1,'2016-04-06 00:47:17.547'),
('276','后藤沙绪里',null,null,null,1,'2016-04-06 00:47:17.463'),
('277','浅沼晋太郎',null,null,null,1,'2016-04-06 00:47:17.513'),
('278','代永翼',null,null,null,1,'2016-04-06 00:47:17.437'),
('279','羽多野涉',null,null,null,1,'2016-04-06 00:47:17.597'),
('280','花守由美里',null,null,null,1,'2016-04-07 23:33:01.857'),
('281','安野希世乃',null,null,null,1,'2016-04-07 23:33:01.87'),
('282','山村响',null,null,null,1,'2016-04-07 23:33:01.873'),
('283','吉冈茉祐',null,null,null,1,'2016-04-07 23:33:01.88'),
('284','下野纮',null,null,null,1,'2016-04-10 23:57:44.683'),
('285','渡边明乃',null,null,null,1,'2016-04-10 23:59:47.6'),
('286','后藤麻衣',null,null,null,1,'2016-04-11 00:06:20.85'),
('287','高木礼子',null,null,null,1,'2016-04-11 00:06:20.853'),
('288','入野自由',null,null,null,1,'2016-04-11 00:12:45.527'),
('289','赤羽根健治',null,null,null,1,'2016-04-11 00:12:45.54'),
('290','金光宣明',null,null,null,1,'2016-04-11 00:12:45.543'),
('291','和久井优',null,null,null,1,'2016-04-11 01:04:57.53'),
('292','今村彩夏',null,null,null,1,'2016-04-11 01:04:57.537'),
('293','金泽麻衣',null,null,null,1,'2016-04-11 01:04:57.54'),
('294','Machico',null,null,null,1,'2016-04-11 01:04:57.547'),
('295','小见川千明',null,null,null,1,'2016-04-11 01:20:16.11'),
('296','下田麻美',null,null,null,1,'2016-04-11 01:20:16.11');

INSERT INTO T_PLAYINFO_TBL
           (PLAYINFO_ID
           ,ANIME_NO
           ,ANIME_PLAYINFO
           ,STATUS
           ,START_TIME
           ,WATCH_TIME
           ,PARTS
           ,COMPANY_ID
           ,ENABLE_FLG
           ,LAST_UPDATE_DATETIME)
     VALUES
('0','A077','@','2','2014-05-01','2014-05-01','1','12',0,'2016-04-05 23:46:44.7'),
('0','A078','一期','2','2012-12-01','2012-12-01','12','39',1,'2016-04-05 23:22:12.38'),
('1','A001','一期','2','2005-07-01','2009-01-01','12','1',1,'2016-04-05 22:41:54.84'),
('1','A004','一期','2','2007-04-01','2009-02-01','24','9',1,'2016-01-26 21:48:40.29'),
('1','A007','一期','2','2008-10-01','2009-03-01','25','8',1,'2016-01-26 21:48:40.29'),
('1','A009','一期','2','2008-07-01','2009-03-01','13','18',1,'2016-01-26 21:48:40.29'),
('1','A010','一期','2','2009-04-01','2009-04-01','14','9',1,'2016-01-26 21:48:40.29'),
('1','A011','一期','2','2008-07-01','2009-03-01','120','19',1,'2016-01-26 21:48:40.29'),
('1','A012','一期','2','2006-04-01','2009-03-01','14','9',1,'2016-01-26 21:48:40.29'),
('1','A014','一期','2','2007-04-01','2009-06-01','52','21',1,'2016-01-26 21:48:40.29'),
('1','A015','一期','2','2009-04-01','2009-04-01','25','13',1,'2016-01-26 21:48:40.29'),
('1','A016','一期','2','2006-07-01','2009-03-01','13','8',1,'2016-01-26 21:48:40.29'),
('1','A017','一期','2','2009-04-01','2009-04-01','47','24',1,'2016-01-26 21:48:40.29'),
('1','A026','一期','2','2008-04-01','2010-01-01','24','8',1,'2016-01-26 21:48:40.29'),
('1','A027','一期','2',null,null,'24','9',1,'2016-01-26 21:48:40.29'),
('1','A028','一期','2',null,null,'13',null,1,'2016-01-26 21:48:40.29'),
('1','A038','一期','2',null,null,'13','6',1,'2016-01-26 21:48:40.29'),
('1','A039','一期','2','2010-04-01','2010-04-01','13','42',1,'2016-04-10 23:54:24.64'),
('1','A040','一期','2','2008-10-01','2010-01-01','14','46',1,'2016-04-10 23:57:44.69'),
('1','A041','一期','2','2010-03-01','2010-03-01','25','47',1,'2016-04-10 23:59:47.603'),
('1','A042','一期','2','2008-07-01',null,'12','30',1,'2016-04-11 00:06:20.857'),
('1','A043','一期','2','2010-07-01','2010-07-01','12','8',1,'2016-04-11 00:12:45.55'),
('1','A044','一期','2','2010-07-01','2010-07-01','13','48',1,'2016-04-11 01:20:16.117'),
('1','A070','FLASH一期','2','2009-10-01','2012-04-01','9','43',1,'2016-04-06 00:43:02.053'),
('1','A071','一期','2','2012-04-01','2012-04-01','13','42',1,'2016-04-06 00:37:51.57'),
('1','A072','一期','2','2012-07-01','2012-07-01','14','8',1,'2016-04-06 00:23:21.4'),
('1','A073','一期','2','2012-07-01','2012-07-01','17','10',1,'2016-04-06 00:17:35.447'),
('1','A074','一期','2','2012-07-01','2012-07-01','10','41',1,'2016-04-06 00:13:27.737'),
('1','A075','一期','2','2012-04-01','2012-04-01','15','16',1,'2016-04-06 00:10:52.717'),
('1','A076','一期','2','2012-10-01','2012-10-01','13','9',1,'2016-04-06 00:08:52.837'),
('1','A077','@','2','2014-05-01','2014-05-01','1','12',0,'2016-04-05 23:46:44.7'),
('1','A080','一期','2','2013-01-01','2013-01-01','12','9',1,'2016-04-05 22:25:10.267'),
('1','A082','一期','2','2013-04-01','2013-04-01','12','8',1,'2016-02-26 00:03:02.23'),
('1','A083','一期','2','2013-04-01','2013-04-01','13','37',1,'2016-02-26 00:01:08.82'),
('1','A084','一期','2','2013-10-01',null,'12','36',1,'2016-02-25 23:56:43.17'),
('1','A085','一期','2','2014-01-01','2014-01-01','12','16',1,'2016-02-25 23:53:36.877'),
('1','A087','一期','2','2014-04-01','2014-04-01','12','26',1,'2016-01-26 21:48:40.29'),
('1','A088','一期','2','2014-04-01','2014-04-01','12','19',1,'2016-01-31 23:36:16.45'),
('1','A091','一期','2','2014-07-01','2014-07-01','12','19',1,'2016-01-26 23:31:42.65'),
('1','A092','一期','2','2014-07-01','2014-07-01','12','12',1,'2016-01-31 22:51:19.81'),
('1','A093','一期','2','2014-07-01','2014-07-01','13','5',1,'2016-01-31 22:47:46.663'),
('1','A094','一期','2','2014-07-01','2014-07-01','13','34',1,'2016-01-31 22:45:40.487'),
('1','A095','一期','2','2011-04-01','2014-08-01','12','23',1,'2016-01-31 22:43:47.47'),
('1','A096','一期','2','2014-10-01','2014-10-01','12','33',1,'2016-01-31 22:41:50.143'),
('1','A098','一期','2','2014-10-01','2014-10-01','12','32',1,'2016-01-31 22:34:45.927'),
('1','A099','一期','2','2014-10-01','2014-10-01','12','31',1,'2016-01-31 22:29:46.623'),
('1','A100','一期','2','2013-04-01','2015-04-01','14','18',1,'2016-01-31 22:26:49.107'),
('1','A103','一期','2','2015-01-01','2015-01-01','12','28',1,'2016-01-26 21:48:40.29'),
('1','A104','一期','2','2015-04-01','2015-04-01','12','12',1,'2016-01-26 21:48:40.29'),
('1','A107','一期','2','2015-07-01','2015-07-01','13','14',1,'2016-01-26 21:48:40.29'),
('1','A108','一期','2','2015-07-01','2015-07-01','13','13',1,'2016-01-26 21:48:40.29'),
('1','A110','一期','2','2015-07-01','2015-07-01','12','5',1,'2016-01-26 21:48:40.29'),
('1','A111','一期','2','2015-07-01','2015-07-01','13','11',1,'2016-01-26 21:48:40.29'),
('1','A114','二期','3',null,null,null,null,1,'2016-04-10 22:46:59.493'),
('1','A115','一期','1','2016-04-01',null,null,'10',1,'2016-04-07 23:33:01.897'),
('1','A116','一期','1','2016-04-01',null,null,'12',1,'2016-04-11 01:04:57.553'),
('2','A001','OVA','2','2007-04-01','2009-03-01','3','2',1,'2016-04-05 22:41:54.843'),
('2','A003','一期','2','2001-07-01','2009-02-01','13','16',1,'2016-01-26 21:48:40.29'),
('2','A004','OVA','2','2008-09-01','2009-02-01','1','9',1,'2016-01-26 21:48:40.29'),
('2','A007','OVA','2','2011-12-01','2011-12-01','1','8',1,'2016-01-26 21:48:40.29'),
('2','A009','二期','2','2009-01-01','2009-03-01','13','18',1,'2016-01-26 21:48:40.29'),
('2','A010','二期','2','2010-04-01','2010-04-01','27','9',1,'2016-01-26 21:48:40.29'),
('2','A011','二期','2','2009-03-01','2009-03-01','120','19',1,'2016-01-26 21:48:40.29'),
('2','A012','二期','2','2009-04-01','2009-04-01','28','9',1,'2016-01-26 21:48:40.29'),
('2','A014','OVA','2','2009-03-01','2009-03-01','1','8',1,'2016-01-26 21:48:40.29'),
('2','A015','阿知贺','2','2013-01-01','2013-01-01','16','23',1,'2016-01-26 21:48:40.29'),
('2','A016','二期','2','2007-07-01','2009-03-01','12','8',1,'2016-01-26 21:48:40.29'),
('2','A018','一期','2','2009-03-01','2009-03-01','13','3',1,'2016-01-26 21:48:40.29'),
('2','A026','电磁炮','2','2009-10-01','2009-10-01','24','8',1,'2016-01-26 21:48:40.29'),
('2','A027','二期','2',null,null,'25','9',1,'2016-01-26 21:48:40.29'),
('2','A028','二期','2',null,null,'12',null,1,'2016-01-26 21:48:40.29'),
('2','A038','二期','2',null,null,'13',null,1,'2016-01-26 21:48:40.29'),
('2','A042','二期','2','2009-10-01',null,'12','30',1,'2016-04-11 00:06:20.86'),
('2','A044','OVA','2','2011-04-01','2011-04-01','8','48',1,'2016-04-11 01:20:16.12'),
('2','A070','FLASH二期','2','2010-12-01','2012-04-01','12','44',1,'2016-04-06 00:43:02.053'),
('2','A076','二期','2','2014-01-01','2014-01-01','13','9',1,'2016-04-06 00:08:52.84'),
('2','A077','一期','2','2013-01-01','2013-01-01','12','40',1,'2016-04-05 23:46:44.697'),
('2','A080','剧场','2','2014-04-01',null,'1','9',1,'2016-04-05 22:25:10.27'),
('2','A083','二期','2','2014-04-01',null,'11','38',1,'2016-02-26 00:01:08.82'),
('2','A087','二期','2','2015-10-01','2015-10-01','12','27',1,'2016-01-26 21:48:40.29'),
('2','A097','一期','2','2014-10-01','2014-10-01','13','9',1,'2016-01-31 22:39:01.747'),
('2','A100','二期','2','2015-04-01','2015-04-01','13','5',1,'2016-01-31 22:26:49.107'),
('2','A101','一期','2','2014-04-01','2015-02-01','13','29',1,'2016-01-27 00:14:20.953'),
('3','A001','Encore','2','2009-03-01','2009-03-01','2','2',1,'2016-04-05 22:41:54.85'),
('3','A002','三期','2','2009-01-01','2009-03-01','12','4',1,'2016-01-26 21:48:40.29'),
('3','A004','宫河家的空腹','2','2013-04-01','2013-04-01','13','17',1,'2016-01-26 21:48:40.29'),
('3','A009','三期','2','2011-07-01','2011-07-01','13','18',1,'2016-01-26 21:48:40.29'),
('3','A010','剧场','2','2011-12-01','2011-12-01','1','9',1,'2016-01-26 21:48:40.29'),
('3','A012','小凉宫','2','2009-02-01','2009-03-01','25','9',1,'2016-01-26 21:48:40.29'),
('3','A014','二期','2','2009-04-01','2009-10-01','25','8',1,'2016-01-26 21:48:40.29'),
('3','A015','全国篇','2','2014-01-01','2014-01-01','13','23',1,'2016-01-26 21:48:40.29'),
('3','A016','三期','2','2008-07-01','2009-03-01','13','8',1,'2016-01-26 21:48:40.29'),
('3','A020','一期','2','2009-07-01','2009-07-01','12','7',1,'2016-01-26 21:48:40.29'),
('3','A026','二期','2','2010-08-01','2010-08-01','24','8',1,'2016-01-26 21:48:40.29'),
('3','A038','三期','2',null,null,'13',null,1,'2016-01-26 21:48:40.29'),
('3','A044','二期','2','2014-01-01','2014-01-01','13','48',1,'2016-04-11 01:20:16.123'),
('3','A070','一期','2','2012-04-01','2012-04-01','12','45',1,'2016-04-06 00:43:02.057'),
('3','A076','剧场','2','2013-06-01','2014-02-01','1','9',1,'2016-04-06 00:08:52.837'),
('3','A077','@','2','2014-05-01','2014-05-01','1','12',1,'2016-04-05 23:46:44.697'),
('3','A086','一期','2','2014-01-01','2014-01-01','23','28',1,'2016-02-25 23:50:42.203'),
('3','A105','二期','3',null,null,null,'9',1,'2016-01-26 21:48:40.29'),
('3','A109','一期','2','2015-07-01','2015-07-01','12','12',1,'2016-01-26 21:48:40.29'),
('3','A114','一期','2','2016-01-01','2016-01-01','10','16',1,'2016-04-10 22:46:59.497'),
('4','A002','OAD甜品别腹','2','2009-06-01','2009-06-01','1','4',1,'2016-01-26 21:48:40.29'),
('4','A009','四期','2','2012-01-01',null,'13','18',1,'2016-01-26 21:48:40.29'),
('4','A012','小鹤屋','2','2009-02-01','2009-03-01','13','9',1,'2016-01-26 21:48:40.29'),
('4','A014','剧场','2','2011-08-01',null,'1','22',1,'2016-01-26 21:48:40.29'),
('4','A016','四期','2','2012-01-01','2012-01-01','12','8',1,'2016-01-26 21:48:40.29'),
('4','A026','电磁炮OVA','2','2010-10-01','2010-10-01','1','8',1,'2016-01-26 21:48:40.29'),
('4','A044','OVA2','1','2014-05-01','2014-05-01','4','48',1,'2016-04-11 01:20:16.127'),
('4','A070','二期','2','2013-04-01','2013-04-01','12','45',1,'2016-04-06 00:43:02.057'),
('4','A077','@','2','2014-05-01','2014-05-01','1','12',0,'2016-04-05 23:46:44.7'),
('4','A081','一期','2','2013-04-01','2013-04-01','12','24',1,'2016-03-26 20:25:49.257'),
('4','A086','二期','2','2015-04-01',null,'13','28',1,'2016-02-25 23:50:42.203'),
('4','A105','一期','2','2015-04-01','2015-04-01','13','9',1,'2016-01-26 21:48:40.29'),
('4','A106','一期','2','2015-04-01','2015-04-01','13','15',1,'2016-02-26 00:16:40.157'),
('4','A113','一期','9','2016-01-01','2016-01-01',null,'5',1,'2016-03-27 18:07:47.92'),
('5','A002','OAD久候多时','2','2012-10-01','2012-10-01','1','5',1,'2016-01-26 21:48:40.29'),
('5','A012','消失','2','2010-02-01','2010-02-01','1','9',1,'2016-01-26 21:48:40.29'),
('5','A014','CANnullT TAKE MY EYES OFF YOU','2','2012-07-01',null,'12','22',1,'2016-01-26 21:48:40.29'),
('5','A026','剧场','2','2013-02-01',null,'1','8',1,'2016-01-26 21:48:40.29'),
('5','A077','@','2','2014-05-01','2014-05-01','1','12',0,'2016-04-05 23:46:44.7'),
('5','A090','一期','2','2013-07-01','2014-07-01','12','23',1,'2016-03-26 20:23:16.29'),
('5','A106','二期','3',null,null,null,'6',1,'2016-02-26 00:16:40.157'),
('6','A002','四期','2','2013-01-01','2013-01-01','13','5',1,'2016-01-26 21:48:40.29'),
('6','A012','小长门有希的消失','2','2015-04-01','2015-04-01','17','20',1,'2016-01-26 21:48:40.29'),
('6','A014','Cuties','2','2013-04-01',null,'13','22',1,'2016-01-26 21:48:40.29'),
('6','A026','电磁炮S','2','2013-04-01',null,'13','8',1,'2016-01-26 21:48:40.29'),
('6','A090','二期','2','2015-04-01','2015-04-01','12','23',1,'2016-03-26 20:23:16.29'),
('6','A112','一期','2','2015-10-01','2015-10-01','12','10',1,'2016-01-30 11:59:12.327'),
('7','A002','一期','2','2007-10-01','2009-01-01','12','1',1,'2016-01-26 21:48:40.29'),
('7','A021','一期','2','2007-04-01','2009-03-01','26','25',1,'2016-01-26 21:48:40.29'),
('7','A022','一期','2','2005-10-01','2009-06-01','24','8',1,'2016-01-26 21:48:40.29'),
('8','A002','二期','2','2008-01-01','2009-02-01','12','4',1,'2016-01-26 21:48:40.29'),
('8','A021','OVA','2','2008-11-01','2009-03-01','2','25',1,'2016-01-26 21:48:40.29'),
('8','A022','OVA(SP)','2','2006-12-01','2009-06-01','1','8',1,'2016-01-26 21:48:40.29'),
('9','A021','OVA2','2','2009-01-01','2009-03-01','2','25',1,'2016-01-26 21:48:40.29'),
('9','A022','剧场','2','2007-04-01','2009-06-01','1','8',1,'2016-01-26 21:48:40.29'),
('9','A056','一期','2',null,null,'13','8',1,'2016-01-30 11:58:53.333'),
('9','A102','一期','2','2015-01-01','2015-01-01','13','30',1,'2016-04-05 21:38:51.55'),
('10','A022','二期','2','2007-10-01','2009-06-01','24','8',1,'2016-01-26 21:48:40.29'),
('10','A056','AA','2','2015-10-01','2015-10-01','12','6',1,'2016-01-30 11:58:53.333'),
('10','A102','剧场版','3',null,null,null,null,1,'2016-04-05 21:38:51.547'),
('11','A022','OVA(S)','2','2009-10-01','2009-06-01','4','8',1,'2016-01-26 21:48:40.29'),
('12','A022','三期','2','2011-10-01','2011-10-01','24','8',1,'2016-01-26 21:48:40.29'),
('13','A019','化物语','2',null,null,'15','6',1,'2016-01-26 21:48:40.29'),
('13','A089','一期','2','2013-01-01','2015-01-01','13','35',1,'2016-01-31 23:32:00.513'),
('14','A019','伪物语','2',null,null,'11',null,1,'2016-01-26 21:48:40.29'),
('14','A089','二期','2','2014-04-01','2015-01-01','13','35',1,'2016-01-31 23:32:00.513'),
('15','A019','猫物语（黑）','9',null,null,'4','6',1,'2016-01-26 21:48:40.29'),
('15','A089','剧场','2','2015-06-01',null,'1','35',1,'2016-01-31 23:32:00.517'),
('16','A019','猫物语（白）','9',null,null,'6','6',1,'2016-01-26 21:48:40.29'),
('16','A089','Sunshine','3','2016-07-01',null,null,'6',1,'2016-01-31 23:32:00.517'),
('31','A002','OAD夏日假期','2','2013-08-01','2013-08-01','1','5',1,'2016-01-26 21:48:40.29');